f,r,a,n,k,i,e
s,o,m,e,w,h,r
r,e,w,a,r,d,i,n,g
p,a,r,t,i,c,i,p,a,t,e
l,t,d,h,e,l,p,d,e,s,k
i,n,s,t
e,f,r,e,e,f,o,n,e
a,m,k
n,u,s,s,t,u
s,u,f,f,e,r,i,n,g
d,o,g,g,i,n,g
w,o,r,r,y
i,v,a,t,t,e
s,w,o,o,p
p,e,n,d,i,n,g
w,a,k,i,n,g
p,o,u,t
d,i,p
s,u,c,k,e,r
d,o,c,t,o,r
s,p,e,e,d,i,n,g
a,t,t,i,t,u,d,e
b,i,l,l
f,l,u,r,r,y
g,e,e,e,e,e
p,r,o,c,e,s,s,e,d
a,v,b,l,e
h,o,w,d,a
f,l,u,t,e
c,o,n,d,i,t,i,o,n
r,e,p,r,e,s,e,n,t,a,t,i,v,e
m,q,u,i,z
s,i,t,t,i,n,g
s,a,c,h,i,n
m,i,n,m,o,b,s,m,o,r,e,l,k,p,o,b,o,x
c,l,u,e
v,i,s,i,t,o,r
n,i,g,e,r,i,a
a,p,t
m,e,n,u
s,w,a,y
c,e,n,t,u,r,y
s,l,i,p,p,e,r,y
p,m,t
c,u,l,t,u,r,e
m,m,m
s,i,g,n,i,f,i,c,a,n,c,e
i,s,h,t,a,m,a,y,o,o
s,e,m,i,o,b,s,c,u,r,e
s,t,a,r,v,e
v,e,l,l,y
l,o,n,l,i,n,e,s
u,n,f,o,r,t,u,n,t,l,y
h,y,p,e,r,t,e,n,s,i,o,n
d,u,d,e,t,t,e
f,o,o,t
p,o,u,r,s
l,i,k,e
s,t,a,r,e,r
p,a,r,k,e,d
l,o,d,g,e
c,a,r,i,n,g
m,m,s,t,o
b,e,c
i,m,p,r,t,a,n,t
m,t,h
f,i,l,e
s,p,r,i,n,g
f,o,r,e,v,r
i,n,v,a,d,e,r
l,i,d
s,t,r,i,p
s,i,n,g
g,r,a,p,h,i,c
w,o,r,t,h
b,o,a,t
n,a,r,c,o,t,i,c
s,l,e,e,p,i,n,g,w,i,t,h
t,i,m,i
p,o,s,t
g,o,t,b,a,b,e,s
c,o,m,p,l,i,m,e,n,t,a,r,y
k,i,n,g,d,o,m
l,o,s,t
t,a,p
s,p,l,a,s,h,m,o,b,i,l,e
f,i,r,e,p,l,a,c,e
s,o
t,a,k,i,n
e,n,e,m,y
d,i,n,e
m,e,s,s,y
s,t,r,e,a,m
u,n,h,a,p,p,y
b,i,r,o
g,e,t,z,e,d
v,i,j,a,y,k,a,n,t,h
p,a,r,i,s,h
r,a,c,i,n,g
t,o,i,l,e,t
i,n,v,o,i,c,e
a,c,c,i,d,e,n,t,a,l,l,y
s,h,o,r,t
b,u,t,t,h,e,r,e,s
i,n,i,t,i,a,t,e
g,o,o,d,n,o,o,n
l,i,m,i,t
f,a,i,l,e,d
c,o,p,y
h,a,n,u,m,a,n,j,i
g,a,r,b,a,g,e
a,c,t,i,n,g
v,i,v,e,k,a,n,a,n,d
n,e,c,k,l,a,c,e
s,y,m,p,a,t,h,e,t,i,c
f,i,n,e
c,l,o,c,k
c,o,p
s,h,l,d
k,o,r,e,a,n
u,n,f,o,l,d,s
i,n,c,l,u,s,i,v,e
b,r,i,s,t,o,l
d,o,u,b,l,e,t,x,t
c,u,d,d,l,e,d
g,o,l,f
p,p,m,p,o,b,o,x
w,e,s,t,l,i,f,e
l,y,r,i,c
p,s,y,c,h,o,l,o,g,i,s,t
r,e,a,l,i,z,e,d
s,p,e,c,i,a,l,e
u,s,h,e,r
s,e,l,l,i,n,g
s,c,r,a,p,e,d
p,o,c,a,y
w,m,l
m,a,c,e,d,o,n,i,a
p,e,t,e
a,l,b,i
y,s,t,r,d,a,y
s,h,o,c,k
f,y,i
d,r,v,g,s,t,o
m,i,l,t,a
s,h,u,h,u,i
c,h,i,k
o,x,y,g,e,n
t,o,k
a,r,r,i,v,e
w,h,e,e,l,l,o,c,k
s,p,o,n,t,a,n,e,o,u,s,l,y
e,a,r,t,h
m,o,s,e,l,e,y
h,a,m
c,e,i,l,i,n,g
a,u,c,t,i,o,n
m,a,c
h,o,l,s
t,n,c
m,a,n,g,o
l,e,i
d,e,a,l
h,a,i,z
p,o,s,t,a,l
i,n,c,r,e,a,s,e
c,a,l,l,d
b,a,r,r,e,d
b,e,t,t,r
t,r,a,f,f,i,c
s,t,r,e,s,s,f,u,l
h,o,p,e
s,h,e,x,y
n,o,s,y
g,y,m,n,a,s,t,i,c,s
d,r,e,a,m,z
s,i,s,t,e,r
d,e,d,u,c,t
c,o,n,a,c,t,e,d
p,e,a,r
u,n,d,e,r,s,t,a,n,d
c,u,t,e
p,r,i,x
h,e,n,r,y
t,h,o,t
f,o,r,u,m
t,e,x,t
l,e,c,t,u,r,e
s,h,o,r,e
c,l,o,t,h
b,i,m,b,o
l,o,v,a,b,l,e
e,v,e,r,y,d,a,y
s,e,d
p,r,a,b,h,a
n,u,c,l,e,a,r
w,e,i,g,h,t
b,a,r,k,l,e,y
m,a,r,r,i,a,g,e
i,p,a,d,i,t,a,n
h,a,i,y,o,h
g,o,o,d,t,i,m,e
a,n,o,n,y,m,o,u,s
a,m,o,u,n,t
c,t,x,t
p,r,o,b,l,e,m,a,t,i,c
r,o,c,k
s,h,u,n
a,p,p,l,e
v,a,l,u,e
a,r,m,a,n,d
e,n,t,r,y
s,k,i,l,g,m,e
s,w,a,y,z,e
p,o,l,y,p,h
h,o,u,s,e
l,i,k
t,h,r,e,w
c,o,n,f,o,r,m
e,x,p,i,r,y
o,o,o,h
g,o,o,d,m,a,t,e
s,p,o,n,s,o,r
k,a,i,e,z
m,a,i,n,t,a,i,n
o,u,t,l
d,e,t,a,i,l,e,d
p,e,r,w,k,s,u,b
p,r,e,p,a,i,d
l,o,v,e,r,b,o,y
j,e,z
g,i,n
n,o,o,k,i,i
l,i,s,t
p,o,l,y
p,o,k,e,r
r,e,a,c,t,i,n,g
l,i,p
s,o,n,a,t,h,a,y,a
e,r,t,i,n,i
p,r,o,m,o
n,o,i,s,y
p,l,a,t,t
b,r,e,k,k,i,e
a,u,n,t
f,l,a,m,e
w,a,l,s,a,l,l
c,a,k,e
b,i,t
t,o,c,l,a,i,m
b,u,z
l,i,g,h,t,e,r
w,o,r,s,e
w,a,n,n,a,t,e,l,l
p,r,o,m,i,s,e
p,t,b,o
c,o,u,g,h,i,n,g
d,e,s,e,r,t
j,s,t
o,v,r
f,i,x,d
d,e,c,o,r,a,t,i,n,g
w,a,l,e
f,e,m,a,l,e
i,t,e,r
p,l,z
e,p,s,i,l,o,n
l,o,v,l,y
a,h,h,h,h
t,e,x,t,b,u,d,d,y
t,r,i,v,i,a
s,t,r,t,d
a,a,t,h,i
c,a,r,e,f,u,l
t,a,j
a,f,g,h,a,n,i,s,t,a,n
d,o,l,l
t,e,r,m,i,n,a,t,e,d
z,o,u,k
t,i,g,h,t
i,r,r,i,t,a,t,e,d
p,r,i,z,e,s,w,i,t,h
h,a,v,n,t
d,e,f,e,a,t
r,e,s,i,d,e,n,c,y
i,d,c
d,o,l,l,a,r
i,n,t,e,r,v,i,e,w
l,i,m,i,t,i,n,g
p,r,e,t,e,n,d
b,e,g,g,a,r
g,a,m,e,s,t,a,r
c,o,o,p,e,r,a,t,i,v,e
p,h,d
b,u,d
s,p,l
t,w,i,l,i,g,h,t
p,e,n,i,s
g,r,e,e,n
s,p,l,a,t
b,o,y,t,o,y
e,l,a,b,o,r,a,t,e
c,o,u,n,t
m,r,n,g
x,x,x,x
h,u,g,h
s,m,a,c,k
x,x,x,x,x,x
f,a,n
p,a,n,a,s,o,n,i,c
v,i,o,l,e,t
m,e,e,t,i,n,s
f,u,d,g,e
g,o,l,d,e,n
n,e,l,s,o,n
d,e,c,e,m,b,e,r
r,e,m,i,n,d,s
w,o,r,k,a,n,d
g,e,t,s,l,e,e,p
c,o,m,p,u,l,s,o,r,y
s,p,a,t,u,l,a
a,p,p,l,e
a,n,a,l,y,s,i,s
s,p,j,a,n,u,a,r,y
c,a,l,m
s,l,u,r,p
d,a,y
m,o,b,i,l,e,s,v,a,r,y
h,u,n,d,r,e,d
s,w,e,a,t,t,e,r
n,i,c,k,y
w,i,d,e,l,i,v,e
a,p,o,l,o,g,e,t,i,c
f,r,w,d
t,h,r,o,w
d,u,n,g,e,r,e,e,s
o,f,f,i,c,i,a,l,l,y
b,r,a,i,n,l,e,s,s
g,o,o,d,n,e,s,s
l,o,c,a,x,x
m,a,r,y
z,e,b,r,a
h,e,p
t,g,x,x,r,z
c,h,i,t
p,r,e,m,a,r,i,c,a
b,e,n,e,f,i,c,i,a,r,y
f,a,n,c,y
p,l,a,n,n,e,d
l,a,m,p
p,r,i,n,t
a,d,u,l,t
l,o,d,g,i,n,g
f,a,l,l,e,n
s,m,i,l,e,y
w,e,r,e,b,o,r,e,d
s,a,g,a,m,u
z,e,d
l,o,t,r
r,e,f,f,e,r,i,n,g
s,h,o,r,t,c,o,d,e
u,n,d,e,r,s,t,a,n,d,i,n,g
e,q,u,a,l,l,y
c,e,l,e,b,r,a,t,i,o,n
f,u,n,n,y
d,e,c,i,s,i,o,n
s,o,r,e
w,o,r,c
c,a,r,l,i,n
t,o,n,i,g,h,t
s,c,e,n,e,r,y
e,s,e
p,e,t,e,x,x,x
n,o,e
m,i,s,s,c,a,l,l
s,t,o,p,s,m,s
l,a,g,e,r
e,a,r,l,i,e,s,t
a,u,n,t,y
g,i,m,m,i
l,i,n,k
m,a,c,k
c,a,n,n,a,m,e
e,n,j,o,y
s,w,i,t,c,h
m,n
r,e,v,i,s,i,o,n
d,a,r,k
s,e,h,w,a,g
l,u,v,s
w,i,v
r,o,l,l,e,r
k,a,l,l,i,s
d,o,u,b,l,e
p,r,o,f
s,w,i,s,s
a,n,a,l
o,n,c,a,l,l
n,i,g,r,o
c,o,m,e,d,y
r,e,b,o,o,t
h,i,d,e
f,r,o,n,t,i,e,r,v,i,l,l,e
b,o,o,t,y,d,e,l,i,o,u,s
l,e,g
f,o,l,k
b,r,o,w,s,e,r
r,e,l,i,g,i,o,u,s,l,y
y,o,u,i
s,h,u
c,t,l,a
s,h,s,e,x
u,p,t,o,w,n
w,a,s,t,i,n,g
i,n,f,r,a
t,o,s,e,n,d
p,i,g,g,y
i,g,n,o,r,i,n,g
v,a,l,e,n,t,i,n,e
l,u,c,y,x,x
a,n,s,w,e,r
f,i,n,a,n,c,i,a,l
b,o,x
c,h,a,n,c,e
s,u,c,k,e,r
f,u,l
m,o,t,i,v,a,t,i,n,g
t,e,x,t
e,a,r,n,i,n,g
t,m,w
s,u,p,r,e,m,e
m,e,r,e,m,e,m,b,e,r,i,n
n,o,l,i,n,e
p,r,i,z,e
r,e,s,p,o,n,s,i,b,i,l,i,t,y
r,a,i,n
v,i,r,g,i,n
s,m,o,o,t,h,l,y
p,r,a,c,t
g,e,n,t
p,r,a,s,a,n,t,h
a,c,o
i,n,t,e,r,f,l,o,r,a
c,o,n,c,e,r,n
k,i,d,d,i,n,g
g,r,e
b,s,l,v,y,l
d,a,i
o,k,d,a,y
g,r,o,c,e,r
g,s,o,h
t,o,u,r
l,o,w,e,r
m,i,s,t,a,k,e
c,o,r,r,e,c,t
d,e,n,t,i,s,t
e,c,k,a,n,k,a,r
g,o,g,g,l,e,s
d,i,a,m,o,n,d
s,l,p
s,t,a,p,a,t,i
s,e,f
m,t,a,l,k
r,e,m,i,n,d,e,d
a,c,c,o,m,m,o,d,a,t,i,o,n,v,o,u,c,h,e,r,s
r,e,s,p,e,c,t,f,u,l
e,v,e,n,i,n,g
c,h,a,r,g,e
a,l,w,y,s
r,o,c,k
t,x,t,s,t,a,r
c,l,e,a,r,i,n,g
c,h,a,t,t,i,n,g
j,o,y
c,a,s,u,a,l,t,y
a,l,i,a,n
h,o,t,t,e,s,t
h,i,t
d,i,s,p,l,a,y
m,e,s,s,e,n,g,e,r
a,d,d
a,p,p,t
m,u,r,d,e,r,e,r
e,m,b,a,s,s,y
r,e,d
k,a,i,l,a
g,e,v,a
s,t,o,r,m
a,r,d
j,e,s,u,s
a,u,t,h,o,r,i,s,e
e,x,h,i,b,i,t,i,o,n
h,a,n,d,l,e
a,w,w,w
m,a,r,a,n,d,r,a,t,h,a
w,a,d
l,l,c
h,i,d,d,e,n
w,a,v,e
f,e,e,l,i,n,g
s,u,i,t,e,m,a,t,e,s
s,e,a
p,e,r,i,l
p,u,t,t,i,n
r,e,c,h,a,r,g,e,d
t,h,e,a,c,u,s,a,t,i,o,n,s
i,f,i,n,k
p,o,s,s,i,b,i,l,i,t,y
p,o,e,t
p,a,i,d
r,e,l,i,e,v,e,d
s,a,r,a,s,o,t,a
c,o,n,c,e,n,t,r,a,t,e
n,i,g,p,u,n
p,l,e,a,s,u,r,e,d
b,h,a,m,b
v,a,t
c,h,e,e,r
d,r,i,v,b,y
w,i,n,d,o,w
p,a,s,s
t,e,m,p,l,e
r,o,m,a,n,t,i,c
s,p,a,r,k,l,i,n,g
g,i,g,o,l,o
b,e,n,e,f,i,t
l,a,r
s,h,a,m,e
p,h,o,n,e
n,e,a,r,b,y
s,c,h,o,o,l
b,a,b,y,s,i,t,t,i,n,g
g,o,i,n
u,r,l
r,e,f,l,e,x
g,i,r,l,f,r,n,d
r,e,l,a,t,i,o,n
n,e,w,p,o,r,t
b,e,e,e,n
s,t,o,p,c,o,s,t
m,a,x,i,m,i,z,e
b,i,l,l,e,d
c,a,u,g,h,t
m,o,r,n,i,n
h,a,s,n
d,e,e,p
o,r,u
a,t,t,r,i,b,u,t,e,d
w,e,b,p,a,g,e
r,e,c,o,g,n,i,s,e,s
f,r,o,m,w,r,k
u,n,s,p,o,k,e,n
d,a
b,l,o,w,i,n,g
b,a,b,y,j,o,n,t,e,t
d,i,r,t,y
f,i,n,n
i,l,e,a,v,e
b,l,e,s,s,i,n,g
d,e,s,p,a,r,a,t,e
p,o,s,s,e,s,s,i,v,e,n,e,s,s
p,i,c,k,i,n,g
m,a,i,d
s,k,i,l,l,g,a,m,e
l,u,x,u,r,y
t,y,p,e
a,s,s,u,m,e
r,e,f,r,e,s,h,e,d
b,o,s
t,a,b,l,e
s,h,e,r,a,w,a,t
o,r,n,o
d,o,c
w,l,d
m,i,l,e,a,g,e
c,a,p,i,t,a,l
j,a,v,a
a,r,r,i,v,a,l
f,a,n,t,a,s,y
b,t,w,n
r,e,s,e,n,t
c,a,l,i
b,e,a,u,t,i,f,u,l
r,a,m,e,n
c,o,a,t
c,r,o,r,e
a,r,g,h
t,h,r,o,w
e,x,c,h,a,n,g,e,d
t,h,r,o,a,t
a,b,u,s,e,r
c,h,a,n,n,e,l
r,o,a,s,t
h,o,c,k,e,y
s,i,z,e,d
h,i,d,e
t,i,h,s
d,i,s,c,r,e,e,t
r,e,n,t,i,n,g
c,l,o,v,e,r
m,o,r,a,l
w,o,o,d
l,y,f
f,o,r,g,t
s,o,o,o
g,a,m,e
t,i,c,k
l,i,n,e,a,r
u,s,e,r
g,l,o
c,a,p
c,o,l,l,a,p,s,e,d
h,i,t,t,n,g
t,o,k,i,n,g
r,e,s,t,o,c,k
g,i,f,t
s,t,a,y,i,n,g
k,i,t,t,u,m
e,s,c,a,l,a,t,o,r
w,h,n
u,p,s,t,a,i,r,s
f,o,r,e,i,g,n
i,a
e,x,t
j,o,n,e,s
t,e,a,r
f,e,v,e,r
h,o
s,h,o,r,t,a,g,e
s,a,r,c,a,s,m
s,a,k,e
m,e,a,l
m,m,m,m,m,m
a,p,p,o,i,n,t,m,e,n,t
s,m,i,d,g,i,n
r,e,q,u,e,s,t
g,r,o,w,n,u,p
m,i,d
p,r,o,l,l,y
c,o,m,p,r,e,h,e,n,s,i,v,e
p,e,r,p,e,t,u,a,l
s,t,o,p,t,x
g,r,a,n,t,e,d
d,a,d
h,a,n,k
l,i,m,p,i,n,g
s,n,a,p,p,y
g,i,r,l
b,r,a,i,n
t,u,e,s,d,a,y
h,o,r,n,y
i,m,p,r,e,s,s,e,d
a,i,r,p,o,r,t
s,o,p,h,a,s
h,a,d,n
o,f,f,c
r,i,g,h,t,l,y
p,r,o,f,e,s,s,o,r
c,h,u,c,k,i,n
o,r,h
s,h,o,p,p,i,n,g
m,a,d,o,k,e
b,r,i,t,i,s,h
r,e,n,t,a,l
e,d,g,e
b,l,a,n,k,e,d
w,e,d,l,u,n,c,h
b,e,g,g,i,n,g
d,h,o,n,i
d,e,n
b,e,d
n,i,t,e
e,r,o,t,i,c
a,p,p,l,y,e,d
o,p,p,o,s,e,d
s,h,i,n,c,o
h,e,r,o,n
l,a,w
m,a,i,l
c,u,t
c,r,u,s,h
s,m,o,k,i,n,g
f,a,r,r,e,l,l
l,i,n,u,x
c,h,i,l,d
s,y,s,t,e,m
w,i,s,h
o,u,t,s,o,m,e,w,h,e,r,e
b,a,k,r,i,d
s,t,e,y,n
u,s,a
r,e,l,a,x
f,a,m,i,l,y
c,h,a,r,l,e,s
s,l,o,w,i,n,g
a,n,a,n,d
l,i,m,i,t,e,d
s,t,o,p
s,t,u,b,b,o,r,n
t,e,n,d,e,n,c,y
t,a,n,k
i,t,r,i,e,d
k,o,r,c,h,e
r,e,p,p,u,r,c,u,s,s,i,o,n,s
f,o,r,g,i,v,e,n
s,h,i,r,t
h,i,s,t,o,r,y
a,d,o,r,e
a,d,d,r,e,s,s
f,r,e,e,k
v,i,d,e,o,c,h,a,t
l,u,t,o,n
b,e,a,u,t,y
b,t,w
s,t,r,a,n,g,e
c,o,n,e,c,t,e,d
c,h,a,t,l,i,n,e,s
v,d,a,y
a,r,t
r,e,g,i,s,t,r,a,t,i,o,n
j,a,y
m,a,n,a,g,e,d
f,o,r,c,e
m,e,l,o,d,y
h,e,l,e,n
m,i,s,s,u,n,d,e,r,s,t,d,i,n,g
e,r,m
g,p,u
o,w,n,s
c,e,l,e,b,r,a,t,i,o,n
f,a,l,l
w,u,d
s,e,z
c,r,u,c,i,f,y
t,e,r,r,y
t,e,n,s,i,o,n
m,a,t,h,e,m,a,t,i,c,s
l,u,s,h
w,i,k,i,p,e,d,i,a
h,a,r,d
p,e,r,s,o,n,a,l
e,v,a,l,u,a,t,i,o,n
r,e,l,a,x,i,n,g
l,o,t,t,a
s,c,r,e,a,m
b,o,t,t,o,m
p,e,r,c,e,n,t
e,v,e,b
f,o,n,d,l,y
m,a,s,s,i,v,e
z,e,a,l,a,n,d
s,w,e,e,t,e,s,t
c,a,k,e
m,o,u,t,h
n,i,t,r,o,s
r,e,v,e,r,s,e
e,y,e,d
m,o,m
s,t,a,n,d,a,r,d
s,t,a,g,w,o,o,d
c,h,e,c,h,i
f,i,z,z
p,r,e,d,i,c,t,i,v,e
p,o,o
h,o,p,e
s,t,o,p,p,e,d
w,i,s,h,e,d,s
t,o,n,e
p,s,h,e,w
j,i,d,e
s,u,n,n,y
w,a,h,t
h,o,s,t
g,e,n,t,l,y
f,r,a,c,t,i,o,n
t,r,o,u,s,e,r
s,u,p,r,m,a,n
b,e,e,r
e,c,s,t,a,c,y
b,i,l,l,i,n,g
l,a,u,g,h
s,a,t,t,h,e,n
p,o,r,t,i,o,n
a,u,n,t
j,u,m,p,e,r
c,o,l,l,e,g,e
s,o,z
e,e,r,u,l,l,i
w,i,n,d
a,c,t,i,v
c,r,u,e,l
f,a,v,o,u,r
o,f,c,o,u,r,s,e
v,i,r,t,u,a,l
w,o,a,h
l,o,w,e,s
l,i,v,e,r,p,o,o,l
i,n,t,e,r,v,i,e,w
g,l,a,d
s,a,v,e
d,i,c,e
t,i,s,s,c,o
h,a,i,l
e,n,g,l,i,s,h
o,u,t,f,i,t
t,e,x,t,o,p,e,r,a,t,o,r
s,t,e,a,k
b,r,a,t
t,a,r,o,t
w,i,t
v,i,p
o,c,l,o,c,k
b,l,o,w,n
i,b,o,r,e,d
a,c,k,n,o,w,l,e,d,g,e,m,e,n,t
b,u,z,y
s,u,b,m,i,t,t,i,n,g
s,n,o,w
d,o,w,n,s,t,e,m
n,o,s,e
s,u,p,p,o,r,t
h,e,x
c,o,r,v,e,t,t,e
h,i,p
e,x,p,r,e,s,s,i,o,n
p,a,r,u
p,e,r,f
h,i,t,t,e,r
n,a,k,e,d
f,o,o,t
h,e,l,d
h,u,n,g,r,y
s,p,r,i,n,g
f,l,a,v,o,u,r
f,a,t,h,i,m,a
r,e,p,l,a,c,i,n,g
h,a,p,p,e,n,d
n,e,w,a,y
i,l,l,s,p,e,a,k
f,o,l,e,y
x,x,x,x,x,x,x,x,x
l,c,c,l,t,d
d,e,c,i,d,e
g,r,a,h,m,b,e,l,l
w,e,n,d,y
t,h,e,d,a,i,l,y,d,r,a,w
t,e,l,u,g,u
k,i,s,s
w,a,h,a,y
u,n,s,u,b,s,c,r,i,b,e,d
c,o,m,p,l,a,i,n,t
h,m,e
a,e,r,o,n,a,u,t,i,c,s
d,i,s,a,p,p,o,i,n,t,m,e,n,t
r,o,u,n,d,e,r
b,r,a,n,d,y
w,a,r,n,e,d
r,e,g,a,l,p,o,r,t,f,o,l,i,o
y,a,h,o,o
r,e,g,a,r,d
u,n,e,v,e,n,t,f,u,l
b,e,c,a,u,s
m,i,c,h,a,e,l
u,s,e,l,e,s,s
e,n,g,i,n
p,a,s,s,p,o,r,t
g,a,p
t,e,a,m
s,u,b,s,c,r,i,b,e,r
c,o,o,p,e,d
t,e,r,m,s,a,p,p,l,y
c,h,a,t
u,n,l,i,m,i,t,e,d
l,i,f,e,b,o,o,k
m,n,t,h,s
c,k,t,z
m,e,e,t,i,n
m,i,n,e,c,r,a,f,t
e,c,h,o
u,n,d,r,s,t,n,d
m,a,t,t,h,e,w
f,a,n,c,i,e,d
h,p,p,n,s,s
s,a,m,a,n,t,h,a
c,o,n,t,i,n,u,e,d
t,h,r,o,w,i,n
e,x,p,e,r,i,e,n,c,e,h,t,t,p
n,o,o,n
p,r,i,n,c,e,s,s
r,e,s,p,o,n,d
m,o,r,e,f,r,m,m,o,b
m,i,n,t
a,r,t,i,s,t
f,i,g,u,r,i,n,g
p,r,e,y
t,o,p,l,a,y
d,a,n,c,i,n
b,u,n,c,h
c,a,r,d,i,f,f
b,e,a,t,i,n,g
b,c,a,z
h,e,a,r,t
b,r,i,t,n,e,y
i,h,a,v,e
z,a,h,e,r
n,y,d,c
i,n,c,l,u,d,e,s
z,o,g,t,o,r,i,u,s
s,h,o,p,p,i,n
r,e,b,t,e,l
p,o,s,t,e,d
t,e,l,e,p,h,o,n,e
d,i,s,c,o,u,n,t
b,o,o,k
p,o,u,n,d
r,i,v,e,r
b,a,s,k,e,t,b,a,l,l
r,i,c,e
s,u,r,e,l,y
s,o,m,e,r,s,e,t
c,o,m,p,u,t,a,t,i,o,n,a,l
c,o,s,i,g,n
s,i,t,t,e,r
w,i,s,h,i,n,g
b,o,a,t,i,n
i,n,c,r,e,d,i,b,l,e
p,a,i
l,o,l,o,l,o
z,o,e
b,l,a,c,k,b,e,r,r,y
n,e,a,r,e,r
b,r,e,a,t,h
d,r,u,n,k,e,n
l,e,s,s,o,n
a,d,r,e,s,s
r,e,n,t,l
b,l,u,r
r,i,s,k
f,o,x
j,o,k,e
l,a,v,e,n,d,e,r
f,o,o,t,y
s,h,l,d,x,x,x,x
s,h,o,u,l
r,i,n,g,i,n,g
t,a,l,k,i,n
p,e,o,p,l,e
m,e,r,r,y
t,i,e
r,e,p,a,i,r
m,i,n,e
y,u,m,m,y
d,r,i,n,k
o,v,e,r,h,e,a,t,i,n,g
d,i,s,l,i,k,e
n,e,i,g,h,b,o,r
u,n,i,n,t,e,n,t,i,o,n,a,l
p,e,n,n,y
m,e,s,s,a,g,e
s,h,o,r,t,e,r
d,e,s,i,r,e
c,r,a,m,p
l,o,t,z
s,e,r,v,i,c,e
e,x,t,e,r,m,i,n,a,t,o,r
d,e,a,r
p,r,o,n,e
p,r,o,d,u,c,t
t,a,c,o
l,i,m
t,o,w,n
b,l,e,s,s,i,n,g
e,v,e,n,i,n,g
e,l,a,i,n,e
o,w,e,d
f,a,t,e,d
b,o,w,a
j,e,n
p,r,o,p,e,r,l,y
s,p,o,i,l,t
s,w,a,p
m,o,u,s,e
n,o,t,e
t,o,l,d
d,l,e,d
s,t,u,f,f
s,p,t,v
l,u,k,s
t,u,l,s,i
i,n,v,o,l,v,e
s,t,o,m,a,c,h
s,p,i,f,f,i,n,g
g,o,n,a
a,n,y,p,l,a,c,e,s
q,u,i,z
s,e,n,s
o,o,o,o,o,h
p,o,e,m
m,e,a,s,u,r,e
g,o,s,h
o,c,c,u,p,i,e,d
o,n,d,u
g,o,a,l
c,b,e
n,o,k
r,o,w
h,e,a,d,i,n
y,u,p
e,p,p,o,l,u,m
p,r,o,f,e,s,s,i,o,n,a,l
m,y,p,a,r,e,n,t,s
e,r,u,k,u
f,w,i,w
b,l,a,c,k
j,o,n,t,i,n
e,n,g,a,l,n,d
t,o,r,t,i,l,l,a
r,e,v,e,a,l,i,n,g
s,m,i,t,h
s,u,p,p,l,y
d,a,y
t,u,i,t,i,o,n
f,o,r,m,a,l,l,y
i,n,s,t,a,l,l,a,t,i,o,n
l,i,v,e,r
r,e,q,u,i,r,e,d
c,r,u,i,s,e
c,a,l,i,f,o,r,n,i,a
j,o,b,y,e,t
v,i,k,k,y
n,e,t,u,n
b,e,f,o,r
g,o,t,o
d,i,r,e,c,t
a,p,p,y
t,w,i,t,t,e,r,i,n,g
s,a,n,k,r,a,n,t,i
h,o,t,e,l
d,h,i,n,a
r,e,f,l,e,c,t,i,o,n
e,v,r,e,y
s,h,a,n,t
b,a,g
s,u,p,p,o,r,t
y,a,r
w,k,l,y
t,i,r,i,n,g
p,a,i,r
t,e,m,p
j,i,a
e,n,e,m,y
a,s,h,l,e,y
p,r,e,s,n,t,s
v,e,r,s,i,o,n
r,y,d,e,r
w,h,i,s,p,e,r
c,o,m,i,n,g
o,f,f,e,r,e,d
e,a,s,t,e,r
p,o,b,o,x
p,o,t,e,n,t,i,a,l
l,u,x
u,p,d
s,h,a,r,i,n,g
k,i,d
r,g,d,s
t,h,n,q
t,y,l,e,r
o,b,l,e
l,o,w
b,u,d,d,y
w,a,z
n,m,d,e
c,h,e,a,t,i,n,g
l,a,c
m,a,n,d,a,r,a
a,f,t,e,r,n,o,o,n
h,u,b,b,y
a,r,r,a,n,g,i,n,g
t,r,e,a,s,u,r,e
w,e,t,h,e,r,s,p,o,o,n,s
d,e,t,e,r,m,i,n,e,d
a,c,c,e,n,t
p,a,i,n,t,i,n,g
e,x,h,a,u,s,t,e,d
r,e,p,l,y
t,x,t,s,t,o,p
l,a,s,a,g,n,a
k,a,r,a,o,k,e
s,t,y,l,i,n,g
h,o,g,l,i
i,m,a,g,i,n,a,t,i,o,n
c,a,r,t,o,o,n
s,i,c,k
m,e,l,t
u,p,s,e,t
s,m,i,l,e,d
i,r,e,n,e
a,s,t,h,m,a
s,m,i,l,i,n,g
f,a,s,t,e,s,t
d,o,c,u,m,e,n,t
r,a,y,a,n
a,r,m
v,i,o,l,e,n,c,e
n,a,s,d,a,q
p,u,l,l
h,a,n,g,e,r
e,x,e
b,u,s
m,a,l,l,i,k,a
w,k,s
l,k,p,o,b,o,x
c,o,c,h,i,n
h,u,g
f,o,o,t,i,e
r,u,l,e
d,e,f,i,n,i,t,l,y
v,e,l,a,c,h,e,r,y
u,r,g,o,i,n
r,o,w
l,s,t
c,e,r,t,i,f,i,c,a,t,e
c,o,i,n
a,t,t,a,c,h
b,i,s,h,a,n
s,h,o,o,t
e,d,w,a,r,d
w,o,o,h,o,o
y,o,w,i,f,e,s
b,a,l,l
g,r,e,e,c,e
w,e,e,k,e,n,d
r,e,a,d,i,n,e,s,s
a,s,s,u,m,e,d
n,a,t,i,o,n,a,l
r,e,a,l,i,z,e,s
h,e,l,p,f,u,l
c,r,e,d,i,t,e,d
s,t,a,r,w,a,r,s
s,i,g,n,i,n,g
t,i,e,m,p,o
g,o,k,i,l,a
c,e,l,e,b,r,a,t,e,d
j,o,u,r,n,e,y
r,e,f,e,r,e,n,c,e
v,o,d,a
c,u,r,f,e,w
b,l,i,m,e,y
c,r,o,s,s,i,n,g
r,o,u,n,d
r,e,q,u,i,r,e
a,u,d,r,e,y
o,r,a,l
m,a,i,n
r,e,a,s,o,n,a,b,l,e
y,a,v,n,t
m,t,m,s,g,r,c,v,d
o,f,s,t,u,f,f
t,a,r,p,o,n
s,o,o,o,o,o
f,f,e,c,t,i,o,n,a,t,e
u,n,c,o,u,n,t,a,b,l,e
i,n,c,r,e,m,e,n,t
i,m,m,a
i,r,a,q
l,o,l,n,i,c,e
a,r,n,g,d
m,o,m,e,n,t
b,r,i,n
t,e,a,m
m,a,n,e,e,s,h,a
m,a,t,h
v,i,l,l
t,x,t,t,o,w,i,n
t,e,a,c,h,e,r
n,o,n,c,o,m,i,t,t,a,l
s,e,p,t,e,m,b,e,r
s,l,i,d,i,n,g
i,m,p,o,s,s,i,b,l,e
r,e,m
_,_,_,_
r,i,n,g,t,o,n,e
s,a,l,l
f,i,l,l
m,e,c,a,u,s,e
w,o,r,m
a,g,e,n,t
v,o,u,c,h,e,r
b,a,b,e
r,e,l,e,a,s,e,d
s,a,f,e,l,y
w,i,c,k,l,o,w
p,r,i,o,r
f,o,r,m,a,t
c,o,n,t,e,n,t
s,p,e,l,l
r,e,f,u,n,d,e,d
a,p,e
q,u,i,t
p,a,n,t
v,e,n,a,a,m
u,n,e,m,p,l,o,y,e,d
e,d,h,a,e
m,y,c,a,l,l,s
c,r,a,m,m,e,d
t,e,a
l,o,v,e,l,y
h,o,o,p
d,u,d,e
t,e,a,c,h
c,s,h
w,o,r,t,h,l,e,s,s
s,u,b,s,c,r,i,b,e,d
a,n,g,r,y
t,o,m,e,a,n,d,s,a,i,d
v,i,d,e,o
h,u,m
g,a,n,d,h,i,p,u,r,a,m
r,e,g,i,s,t,e,r,e,d
e,v,e,r,y,s,o
s,l,i,c,e
e,s,c,a,p,e
f,i,e,n,d
a,d,i
m,a,n,c,h,e,s,t,e,r
p,i,c
h,o,t,e,l
p,i,c,t,u,r,e
k,e,r,i,s
s,n,o,w,b,a,l,l
t,o,p,p,e,d
a,d,v,i,s,o,r
v,e,l,u,s,a,m,y
a,q,u,a,r,i,u,s
r,e,v,i,e,w
f,l,i,m
k,a,n,a,g,u
f,i,l
p,i,c
g,o,t,t,a
m,a,r,a,i,k,a,r,a
f,a,v,e
t,a,l,k
m,a,d,u,r,a,i
u,n,i,c,e,f
c,y,c,l,i,s,t
m,o,a,n
l,o,v,e
f,r,o,n,t
d,a,t
s,o,i,l
c,o,l,l,e,g
i,n,v,o,l,v,e,d
s,l,o,t
m,o,v,i,e
w,r,k,s
a,b,e,l
g,u,d,n,i
b,a,h,a,m,a,s
w,e,i,r,d,y
p,o,l,y,h
s,n,o,w,m,a,n
r,e,a,l,y
d,u,f,f,e,r
n,o,t,i,f,i,e,d
w,o,u,l
r,e,p,a,i,r
w,i,f,i
i,s,l,a,n,d
f,l,i,p
s,p,h,o,s,t,i,n,g
h,o,p,e,d
c,h,o,o,s,i,n,g
t,m,o,r,r,o,w
t,w,a,t
s,i,n,g,a,p,o,r,e
d,e,c,a,d,e
r,o,u,n,d
p,r,o,m,i,s,e
b,u,z,z
d,h,a
f,r,o,m,m
k,i,s,s,i,n,g
b,a,r
p,o,b,o,x,o,x
h,o,n,e,y,b,e,e
d,i,n,o
i,n,c,l,u,d,i,n,g
k,e,g,g,e,r
u,n,d,e,r,s,t,o,o,d
a,p,p,r,e,c,i,a,t,e,d
m,a,r,k
a,n,a
t,e,n,e,r,i,f,e
t,r,a,v,e,l,l,i,n,g
a,s,t,o,u,n,d,i,n,g,l,y
b,l,o,o,m,b,e,r,g
t,x,t
c,a,l,l,e,d
h,l,p
a,g,e,n,t
m,a,p,q,u,e,s,t
m,t,h,s
f,o,o,t,b,a,l,l
u,n,k,n,o,w,n
t,r,a,m
b,u,n,d,l,e
n,a,n,n,y
i,n,s,t,r,u,c,t,i,o,n
m,o,r,n
f,l,a,t
b,o,o
c,o,n,f,i,r,m,e,d
c,h,r,i,s,t,m,a,s
d,o,i,n
r,e,m,b
m,a,i,l,b,o,x
c,i,t,y
p,a,c,k,i,n,g
d,l,o,a,d
w,e,a,s,e,l
s,t,a,r
f,g,k,s,l,p,o,p,w
s,a,n,k,a,t,m,o,c,h,a,n
d,i,g,n,i,t,y
p,u,r,s,e
c,l,o,s,e,r
a,p,r,i,l
s,e,l,l
w,o,k,e,n
a,n,t,h,a
p,a,s,s,w,o,r,d
b,a,i,l,i,f,f
a,s
f,o,r,m,a,t,t,i,n,g
d,e,n,y
n,e,w,s,c,a,s,t,e,r
w,e,a,r
n,d,s,h,i,p
d,u,b
m,m,m,m
e,y,e
t,o,r
t,h,e,o,r,y
i,n,n,o,c,e,n,t
a,l,e,r,t
t,r,o,u,b,l,e
t,h,t,s
w,e,i,g,h
m,e,s,a,g,e,s
h,v,a,e
w,e,n,w,e,c,a,n
s,p,k
t,e,r,r,o,r
u,w,a,n,a
m,c,a
f,i,s,h,h,e,a,d
b,s,t,f,r,n,d
c,o,v,e,r
c,l,o,u,d
s,n,a,p
b,b,d,e,l,u,x,e
s,e,l,f,i,n,d,e,p,e,n,d,e,n,c,e
a,r,m,e,n,i,a
b,o,u,g,h,t,b,r,a,i,n,d,a,n,c,e,a
t,m
s,u,r,f,i,n,g
m,u,s,t,h,u
b,o,o,b
d,r,e,s,s,e,d
j,o,i,n,e,d
m,e,e,t
e,n,d,o,f
f,o,r,t,u,n,e
t,h,e,n,a,m,p,e,t
v,i,b,r,a,t,e
r,e,c,h,a,r,g,e
s,c,r,e,w,d
g,l,o,r,y
a,d,v,i,s,i,n,g
g,e,n,e
w,i,l,d,e,s,t
g,o,n,n,a
s,p,l,a,s,h
i,t,e,m
p,e,r,s,o,n
w,a,q,t
e,i,g,h,t,h
e,a,t
j,u,r,o,n,g
l,i,a,o
j,a,z
d,e,c,k,i,n,g
p,o,s,s,e,s,s,i,o,n
c,u,t,e,f,r,n,d
p,a,r,a,g,r,a,p,h
f,a,r,m
i,n,v,i,t,e
k,i,n,g
s,i,t
g,e,e
d,s,n
a,n,n,o,u,n,c,e,d
n,a,t
b,p,o
n,v,q
f,o,l,l,o,w
b,o,n,e
c,r,i,b,b,s
b,l,a,n,k
c,l,a,i,m
m,a,g,a,z,i,n,e
d,y,i,n,g
a,g,r,e,e
c,o,u,g,h
a,n,d,e,r,s,o,n
f,a,s,t
c,n,n
l,o,x,a,h,a,t,c,h,e,e
h,o,u,r
a,b,j
s,t,a,r,t
s,h,i,j,u,t,t,a
t,h,a,n,d,i,y,a,c,h,u
s,a,r,c,a,s,t,i,c
m,a,r,v,e,l
h,u,d,g,i
p,o,u,r,e,d
d,e,e,r,a,j
d,o,w,n,l,o,a,d
w,i,n,t,e,r,s,t,o,n,e
c,h,a,r,g,e,d
c,h,o,r,d
n,o,b,b,i,n,g
b,r,a,i,n,y
j,e,w,e,l,r,y
l,e,g,a,l
n,o,t,e
s,e,i,n,g
b,r,u,v
f,i,l,t,h
m,m,m,m,m
o,t,h,r,s
f,o,r,e,g,a,t,e
p,o,l,i,t,i,c,i,a,n
b,o,y
s,p,o,k,e,n
b,e,d,r,e,a,l
c,o,u,n,t,i,n,l,o,t,s
c,o,m,m,e,r,c,i,a,l
t,r,a,d,i,t,i,o,n
w,o,c,a,y
n,e,t,w,o,r,k,i,n,g
h,a,r,r,i
h,l,d,a,y
r,e,p,l,a,c,e,m,e,n,t
r,i,t,e
f,a,c,t,o,r,y
c,r,i,e,d
h,e,n
c,a,l,l,o,n
i,n,n,u
j,o,s
r,e,p,l,y,i,n,g
c,o,n,f,i,r,m,d
a,s,p,e,c,t
t,n,c,s
g,p,r,s
n,i,t,r,o
s,u,n,l,i,g,h,t
f,i,t,i,n,g
u,r,a,w,i,n,n,e,r
m,a,r,g,i,n
b,u,r,d,e,n
h,o,s,p,i,t,a,l
f,r,a,n
i,d,i,o,t
c,l,e,a,r,e,d
r,e,g
q,u,e,s,t,i,o,n
l,a,g
m,i,n,d
s,w,t
s,t,a,n,d,i,n,g
p,a,s
f,a,l,l,i,n,g
p,e,e
c,a,m,p
t,r,a,v,e,l,l,e,d
b,b,c
o,b,e,d,i,e,n,t
b,o,r,n
t,o,o,o
v,a,t,i,a,n
p,u,l,l,i,n,g
p,r,a,y
f,r,e,a,k,e,d
s,i,g,u,v,i,r,i
g,a,t,e
t,h,e,s,m,s,z,o,n,e
p,i,x,e,l
s,o,n,g
o,c,c,u,r,s
r,e,t,u,r,n
a,u,d,i,t,i,o,n
i,n,g,r,e,d,i,e,n,t
b,i,d
b,a,n,g,b,a,b,e,s
p,a,t,h
o,p,t,e,d
d,e,s,t,i,n,y
v,i,d,e,o,p,h,o,n,e,s
s,o,u,t,h
m,i,n
t,c,r
b,e,t,t,e,r,s,n
r,e,s,e,r,v,a,t,i,o,n
u,r,i,n,a,t,i,o,n
a,p,t,i,t,u,d,e
b,l,a,c,k,o
t,e,r,r,i,b,l,e
a,c,n,t
s,n,a,t,c,h
e,v,a,p,o,r,a,t,e,d
g,i,b,e
y,e,s,t,e,r,d,a,y
r,e,m,a,i,n,s
c,r,a,z,y
t,a,u
m,i,r,a,c,l,e
w,e,n,e,v,e,r
c,o,n,v,i,n,c,i,n,g
s,q,u,i,d
a,n,n,o,y,i,n,g
p,r,o,g,r,a,m
o,j,a
b,u,r,n
c,h,e,c,k,e,d
b,r,e,a,t,h,e,r
p,r,e,f,e,r,a,b,l,y
h,e,a,d,a,c,h,e
c,h,a,r,i,t,y
s,a,o
j,u,s,t,t,h,o,u,g,h,t
e,l,e,v,e,n
j,a,m,s,t,e,r
n,a,v,i,g,a,t,e
g,u,i,t,a,r
u,n,c,o,n,v,i,n,c,e,d
j,u,s,w,o,k,e
n,e,t,f,l,i,x
f,u,r,n,i,t,u,r,e
g,a,l,i,l,e,o
t,o,l,e,d,o
m,s,g
n,j,a,n
f,r,e,e,f,o,n,e
h,a,v
t,r,o,u,b,l,e,s,h,o,o,t,i,n,g
f,r,u,i,t
s,h,e,l,f
p,o,l,y,s
n,o,o,o,o,o,o,o,o
l,i,n,g,o
k,e,y,w,o,r,d
r,i,g,h,t
v,i,d,e,o,s,o,u,n,d
e,n,k,e,t,a
h,o,n,i
c,a,l,l,b,a,c,k
p,p,m,x
e,v,e,r,y,t,i,m,e
m,a,n,a,g,e
l,o,u,d
p,i,l,e
b,a,r,b,i,e
l,e,o
k,e,n
l,o,a,n
d,u,o
p,r,o,m,i,s,e,d
t,o,k,e,n
e,n,g,l,a,n,d
c,o,n,c,e,n,t,r,a,t,i,o,n
a,g,i,n,g
w,o,r,r,y
f,a,b,e,r
a,t,t,r,a,c,t,s
b,e,l,o,v,e,d
b,a,m,b,l,i,n,g
t,a,l,l
a,p,n,t
d,a,n
c,h,i,l,d,p,o,r,n
n,e,o
a,l,l,o
m,o,t,i,v,e
r,e,u,n,i,o,n
p,o,l,o
f,e,t,c,h,i,n,g
b,u,d,g,e,t
g,e,t,t,i,n
a,c,t,i,v,e
n,o,r,t,h
b,a,n,g
u,s,f
f,l,e,w
i,n,t,r,o
o,y,s,t,e,r
o,v,u,l,a,t,i,o,n
c,h,a,r,t
k,a,p,p,a
r,e,n,t
c,r,e,d,i,t
u,n,n,i
m,e,t
l,o,c,a,t,i,o,n
c,o,m,p,e,t,i,t,i,o,n
k,i,c,k,b,o,x,i,n,g
f,a,r,t,i,n,g
n,e,t,v,i,s,i,o,n
y,o,v,i,l,l,e
b,e,l,l,y
r,e,c,e,i,v,e
d,e,y
i,d,e,n,t,i,f,i,e,r
t,e,r,n,a,l
c,h,a,r,l,i,e
d,i,z,z,e,e
s,t,a,l,k,i,n,g
a,i,d
b,a,b,e
a,r,r,a,n,g,e
e,s,p,l,a,n,a,d,e
p,o,u,n,d
r,e,c,y,c,l,i,n,g
s,h,o,r,t,b,r,e,a,k,s
y,u,p,z
b,i,l,l,y
c,h,e,e,t,o,s
s,t,e,a,m,b,o,a,t
l,o,o
d,o,g,g,i,n
n,e,v,a,m,i,n,d
d,r,o,v,e
m,a,t,h,e,w,s
b,u,t,t
n,y,t
s,i,r,j,i
s,p,a,g,e,d,d,i,e,s
d,e,t,a,i,l
w,e,e,k
r,e,p,u,b,l,i,c
b,u,r,g,u,n,d,y
p,p,m,m,o,b,i,l,e,s,v,a,r,y
s,k,i,n,t
t,h,k
p,u,b,l,i,c
w,i,n,a,w,e,e,k
b,e,e,h,o,o,n
j,a,n,u,a,r,y
i,n,f,e,r,n,a,l
h,e,a,r,i,n,g
q,u,e,s,t,i,o,n
a,u,n,t,i,e
b,a,l,a,n,c,e
a,w,k,w,a,r,d
m,a,t,h,e
r,a,t,e
o,d,a,l,e,b,e,k,u
s,i,n,g,l,e
a,s,h,w,i,n,i
f,r,i,e,n,d
r,e,m,o,v,e
s,m,s,r,e,w,a,r,d,s
m,o,n,t,h,l,y
b,r,i,n,g
l,o,o,s,u
t,r,e,e
w,r,c
p,i,z,z,a
f,a,n,t,a,s,t,i,c
u,g,a,d,i
g,o,o,d,y
h,o,r,n,i,e,s,t
i,n,t,e,r,n,a,l
s,u,m,a,n
e,r,e
p,i,s,s
p,a,n,s,y
w,o,o
b,c,k
h,a,s,b,r,o
r,e,s,t,r,i,c,t
o,r,a,n,g,e
r,u,s,h
d,i,t,t,o
f,e,a,t,h,e,r,y
c,o,m,m,i,t
p,e,r,m,i,s,s,i,o,n
s,t,y,l,i,s,h
r,e,b,o,o,t,i,n,g
p,r,o,v,i,d,i,n,g
t,r,a,c,k,m,a,r,q,u,e
m,a,d,o,d,u
i,n,f,l,u,x
g,r,a,n,d
w,o,r,s,t
s,p,i,r,i,t
p,o,o,r,t,i,y,a,g,i
c,o,i,n
c,l,a,s,s,i,c
a,s,t,n,e
c,a,l,l,i,n
l,e,h
r,a,t,e
t,o,u,g,h,e,s,t
a,b,o,u,t,a,s
v,i,e,w
f,e,a,t,u,r,e
i,f,f
r,e,a,c,h,i,n,g
n,e,t,w,o,r,k
h,o,r
b,a,r,i
c,h,a,i,n
d,n,o,t
r,e,m,o,v,a,l
t,c
h,u,s,b,a,n,d
p,a,t,i,e,n,t
p,a,v,a,n,a,p,u,t,r,a
p,e,r,s,i,a,n
s,l,e,e,p,w,e,l,l
s,h,r,u,b
u,n,s,u,b,s,c,r,i,b,e
a,n,d,r,e
w,a,h,e,e,d
c,h,i,l,e
g,r,o,o,v,y,i,n,g
w,a,l,l,e,t
k,i,o,s,k
o,i,l
p,r,o,f,i,l,e
w,a,a,a,a,t
l,i,g,h,t
a,s,u,s,u,a,l
r,a,j,i,n,i
d,e,s,t,i,n,a,t,i,o,n
p,r,s,n
s,e,r,i,e,s
t,h,e,m,o,b
d,o,o,r
r,a,n,g
p,a,y
y,o,r,g,e
d,e,l,i,c,i,o,u,s
g,a,n,g
r,u,n
h,o,l,y
g,e,r
f,u,l,l,o,n,s,m,s
d,w,n
s,p,a,c,e
b,c,m
s,e,n,d,s
c,d,g,t
t,e,c,h,n,o,l,o,g,y
c,o,n,t,r,a,c,t
m,o,j,i
d,o,c
c,a,r,e,l,e,s,s
j,a,d,a
k,e,t,t,o,d,a
d,a,n,g,e,r,o,u,s
p,a,r,k,i,n,g
o,n,w,o,r,d,s
r,a,v,i,y,o,g
s,p,i,c,e
w,t,h
s,h,o,p
d,e,v,i,l
g,o,o,d,o
d,e,p,o,s,i,t,e,d
s,u,r,f
g,a,s,t,r,o,e,n,t,e,r,i,t,i,s
t,h,a,s,a
j,e,t,t,o,n
t,r,a,s,h
m,a,l,e
c,o,m,p,l,e,x,i,t,y
s,u,e
e,a,r
a,i,n
r,e,d,u,c,e
e,s,s,e,n,t,i,a,l
h,a,p,p,y
a,w,a,r,d
s,e,l,e,c,t,i,o,n
p,e,a,c,e,f,u,l
c,l,o,s,e,d
t,o,n,e
s,r
w,o,o,t
l,a,t,e,s,t
p,o,p,p,i,n,g
t,h,e,p,l,a,c,e
b,a,a,a,a,a,a,a,a,b,e
d,a,r,l,i,n,g
c,o,m,p,l,e,t,e,s
s,p,a,m
o,v,e,a,b,l,e
c,a,l,l,e,r,t,u,n,e
g,a,y
w,e,a,r,i,n,g
r,i,g,h,t,i,o
d,i,c,k
m,u,c,h,a,n,d
m,o,b,y,p,o,b,o,x
v,o,u,c,h,e,r
x,x,s,p
j,u,s,t,i,f,y
w,r,i,t,h,i,n,g
s,u,n,s,h,i,n,e
s,i,b
c,o,l,o,r
p,u,n,c,h
s,u,b,s,c,r,i,p,t,i,o,n
r,a,y
l,o,c,k
b,u,g,i,s
n,a,p
l,o,g,i,n
f,l,y,i,n,g
f,r,m
m,a,d
h,e,l,t,i,n,i
t,r,a,v
g,l,o,u,c,e,s,t,e,r,r,o,a,d
p,o,t,a,t,o
i,w,a,n,a
g,u,t
w,r,o,n,g
u,n,i,v,e,r,s,i,t,y
t,o,m,o,r,w
c,o,m,p,l,e,t,e
c,a,n,a,d,a
p,e,r,f,e,c,t
t,a,c,k,l,e
c,a,r,d,i,n
f,l,o,w,e,r
c,o,n,v,e,y
o,n,w,a,r,d,s
h,o,g,o,l,o
f,e,b
a,h,h,h
d,i,s,a,s,t,r,o,u,s
l,o,n,e,l,i,n,e,s,s
t,r,u,s,t,i,n,g
s,u,n,d,a,y,i,s,h
c,o,m,p,e,n,s,a,t,i,o,n
d,i,l,e,e,p
l,i,t,e,r,a,l,l,y
c,h,i,l,d
d,e,a,r,l,y
s,c,r,a,t,c,h
f,o,o,l
s,u,r,r,e,n,d,e,r
i,m,p
i,n,f,a,c,t
r,o,n
y,o,u,u,u,u,u
m,o,b
a,r,s,e,n,a,l
d,a,i,l,y
s,t,e,r,l,i,n,g
c,i,t,y,l,i,n,k
m,a,a,t
s,t,d
c,o,n,f,u,s,e,d
u,s,b
e,v,e,y
b,u,c,k
d,i,e,t,i,n,g
d,o,g,b,r,e,a,t,h
s,e,r,v,e,r
v,e,r,i,f,i,e,d
u,j,h,h,h,h,h,h,h
n,o,t,x,t
d,o,d,d,a
w,i,n,a,w,k
d,o,n,a,t,e
y,e,l,o,w
r,a,l,p,h,s
t,o,y,o,t,a
s,a,m,b,a,r
h,o,p,e,f,u,l
s,o,r,r,o,w
b,r,o,w,s,i,n
d,e,n,y,i,n,g
a,h,m,a,d
p,p,l
g,a,i,n,e,d
p,u,b
t,s,u,n,a,m,i
t,o,o,t
a,m,i,g,o
b,e,v,e,r,a,g,e
s,e,e,d
s,o,n,g
s,e,m,e,s,t,e,r
v,i,p,c,l,u,b
b,a,n
g,o,b,i
c,h,e,e,s,y
o,p,t,i,o,n
s,p,i,d,e,r
b,r,o,k,e
a,g,e,n,c,y
p,a,y,e,e
f,o,r,g,i,v,e
s,h,a,n,g,h,a,i
c,o,n,t,r,i,b,u,t,e
t,a,l,e,n,t
b,e,e,r,a,g,e
n,e,v,i,l,l,e
k,a,t,h
d,o,g
c,o,m,m,e,n,t
o,n,i
s,i,p
e,a,r,n
f,i,n,e,s,t
q,b,a,n,k
f,a,m,a,m,u,s
s,p,e,c,i,f,i,c
r,w,m
p,r,o
c,r,a,s,h
c,t,t,e,r
s,h,o,w,e,r
p,a,s,s,e,d
d,i,c,t,i,o,n,a,r,y
i,n,c,o,n,v,e,n,i,e,n,c,e
d,e,a,t,h
u,s,u,a,l
d,i,s,k
t,o,t
j,a,m
w,r,d
f,o,o,t,b,l
s,h,a,n,i,l
s,t,r,o,n,g
w,r,i,t,e
g,r,a,n,d,m,a
c,o,s,t,i,n,g
d,a,r,k,e,s,t
e,v,r,y
h,o,u,r
i,n,p,e,r,i,a,l,m,u,s,i,c
o,c,c,u,p,y
w,a,x,s,t,o
s,e,x
s,h,o,r,a,n,u,r
f,a,m,i,l,i,a,r
b,y,a,t,c,h
o,p,p,o,n,e,n,t,e,r
a,v,e,n,u,e
e,r,u,p,t
a,i,g
r,o,u,g,h
a,d
b,a,t,h,i,n,g
w,o,n
l,o,g,g,e,d
i,m,a,g,e
n,o,t,t,i,n,g,h,a,m
p,l,a,y,i,n,g
c,a,b,i,n
r,a,n,d,y
g,i,r,l
m,o,v,i,e,t,r,i,v,i,a
c,a,l,l,c,o,s,t
r,e,c,e,s,s,i,o,n
r,c,b
m,a,g,i,c,a,l,s,o,n,g,s
p,r,o,v,e
w,i,p,r,o
t,o,l,e,r,a,t
r,a,n,d,o,m,l,y
j,e,e,t,e,y
d,i,e,t
t,h,i,n,k,e,d
b,u,t,t,o,n
n,o,k,i,a,s
c,o,l,l,e,c,t,i,o,n
d,a,d
k,i,c,k,o,f,f
f,i,g,u,r,e
s,h,a,g,g,e,d
o,n,l,i,n,e
h,o,o,c,h
p,u,r,i,t,y
r,e,c,o,r,d
m,a,x
c,a,p,t,a,i,n
s,h,a,t,t,e,r,e,d
j,u,z
a,l,t,e,r,n,a,t,i,v,e
p,r,o,p
s,q,u,i,s,h,y
b,r,i,b,e
t,o,l
m,u,m,t,a,z
r,e,c,r,e,a,t,i,o,n
p,e,n,n,y
l,i,f,t,e,d
m,a,n,a,g,e,m,e,n,t
t,h,u,g,l,y,f,e
f,e,e,l,i,n,g,o,o,d
s,t,o,n,e
w,a,r,n,e,r
s,e,n,d,i,n,g
c,h,i,l,l
a,r,a,b
k,i,c,k
m,o,b
w,a,h,e,e,d,a
r,e,n,t
b,e,l,o,n,g,s
m,i,s,s,i,o,n,a,r,y
d,u,b,s,a,c,k
e,n,t,r,o,p,i,c,a,t,i,o,n
p,a,y,o,h
n,a,t,i,o,n,w,i,d,e
a,r,i,e,s
i,m,p,o,r,t,a,n,t,l,y
c,h,a,n,c,e
c,o,m,m,a,n,d
f,l,u,i,d
s,e,l,e,c,t,e,d
t,o,n,i,g,h,t
h,a,l,l
d,e,s,c,r,i,p,t,i,o,n
r,e,c
a,r,u,l
u,s,p,s
h,o,w,z
f,o,r,u,m
p,e,s,k,y
t,m,o,r,o,w
p,e,s,t
h,a,r,l,e,m
t,i,m,i,n,g
p,e,a,c,e
o,p,i,n,i,o,n
p,h,a,s,i,n,g
b,l,o,o
p,a,p,e,r
l,i,b
h,o,s,t,e,l
t,u,e,s
t,a,u,g,h,t
t,h,e,a,t,r,e
o,b,j,e,c,t,i,o,n
h,e,a,r
p,a,t,a,i,s,t,h,a
m,o,v,e
b,r,i,g,h,t,e,n
f,u,n
e,n,d,o,w,e,d
h,e,a,r,d
a,l,a,i,k,k,u,m
p,u,r,p,l,e
h,u,n,t,i,n,g
r,e,l,t,n,s,h,i,p
f,r,n,d,s,h,i,p
a,t,u,r,a,l
m,m,m,m,m,m,m
c,h,a,t,t,e,r
c,m,e
m,a,c,h,i,n,e
t,e,n,s,e,d
s,t,u,f,f,e,d
f,a,i,n,t,i,n,g
a,t,h,o,m,e
u,p,d,a,t,e,_,n,o,w
i,n,v,n,t,e,d
c,o,m,p,l,a,i,n,i,n,g
h,o,o
t,r,e,k
w,i,t,h,e,r
m,i,s,p,l,a,c,e,d
t,e,r,r,o,r,i,s,t
b,a,t,s,m,a,n
e,a,s,i,e,s,t
u,n,c,o,n,d,i,t,i,o,n,a,l,l,y
p,r,e,t,s,o,r,g,i,n,t,a
t,e,a,s,e
f,a,u,l,t
r,e,t,u,r,n
b,o,t,h,e,r,i,n,g
l,i,o,n,p
n,e,d
b,u,s,y
b,u,r,n,i,n,g
b,a,c,k,w,a,r,d,s
c,r,a,s,h,i,n,g
k,a,l,i,s,i,d,a,r,e
s,o,u,r,c,e
d,r,e,a,d,i,n,g
b,c,u,m,s
g,o
c,h,e,q,u,e
c,a,r,r,y
s,c,a,r,c,a,s,i,m
d,o,o,m
n,o,r,c,o,r,p
e,n,u,f,f
d,i,v,o,r,c,e
t,h,e,p,u,b
c,t
b,l,o,g,s,p,o,t
h,u,g
u,n,a,b,l,e
b,i,d
s,t,e,a,l
s,w,i,m,s,u,i,t
a,n,o,t
b,l,u,e,t,o,o,t,h
m,a,n,d,a
m,i,w,a
a,c,t,i,o,n
a,x,e,l
m,i,n,i,m,u,m
r,a,l,l,y
b,a,n,n,e,d,u,k
c,o,n,t,a,c,t,e,d
n,i,g,h
q,u,i,z
c,u,r,t,s,e,y
y,a,h
w,a,t,e,r,s,h,d
s,t,a,r,s,h,i,n,e
l,a,m,b,u
m,a,g,a
l,a,n,d
m,o,n,d,a,y
d,e,r
o,r,e
e,n,g,a,g,e,m,e,n,t
f,o,u,r,t,h
s,t,a,r,r,i,n,g
u,r,s,e,l,f
w,o,o,d,l,a,n,d
e,x,e,c,u,t,i,v,e
p,a,s
m,i,x
s,t,i,n,k
b,a,n,k
a,c,c,e,s,s,i,b,l,e
s,a,r,y
w,i,z,z,l,e
t,e,a,c,h,i,n,g
c,h,i,k,k,u
d,r,o,p
n,a,a,l
p,e,r,s,o,n
b,o,n,u,s
l,a,n,r,e
c,o,n,c,e,n,t,r,a,t,i,n,g
b,a,c,k,d,o,o,r
a,l,l,e
r,e,a,s,s,u,r,a,n,c,e
a,j,i,t,h
b,o,y,f
u,r,m,o,m
c,o,n,s,i,s,t,e,n,t,l,y
s,a,v,e
m,a,y,b
m,e,g,a
t,a,l,e,n,t
c,o,u,l,d,n
u,m,m,m,a
a,r,u,n
d,i,d,n
s,t,a,t,u,s
w,a,h,a,l,a
n,i,m,y,a
t,e,c,h,n,i,c,a,l
r,o,a,d
t,e,x,t,i,n,g
s,h,e,s,i,l
s,h,o,c,k,i,n,g
e,v,e,n,t
n,o,s,h
b,c,s
h,a,m,p,e,r
s,i,m,p,l,e,r
l,o,n,d,o,n
f,e,t,c,h
m,u,r,d,e,r
p,r,o,d
b,l,o,c,k,e,d
l,a,x,i,n,o,r,f,i,c,a,t,e,d
a,b,d,o,m,e,n
a,n,d,r,e,w
a,l,f,i,e
c,o,n,s,e,n,s,u,s
i,n,s,t,a,n,t
w,e,e,k,d,a,y
a,y,n
p,o,s,i,t,i,o,n
i,d,p
v,e,n,u,g,o,p,a,l
b,a,s,i,c
l,i,s,t,e,n
f,a,s,t,e,r
p,u,n,i,s,h
p,a,s,s,i,o,n,a,t,e
h,i,r,e
a,d,m,i,s,s,i,o,n
d,a,v,e
r,e,m,i,n,d,e,r
w,i,s,h,i,n
c,o,m,p,u,t,e,r
i,m,a,t
h,u,n,g,o,v,e,r
a,f,f,a,i,r
c,u,t,e,s,t
w,a,t,e,v,e,r
p,r,i,c,e
d,n,t
p,o,k,i,n,g
v,i,c
s,i,g,h,t
a,c,c,e,n,t,u,r,e
p,a,r,t,n,e,r,s,h,i,p
d,r,a,w
b,o,o,t,y
i,n,d,i,v,i,d,u,a,l
n,o,v,e,l,t,y
b,r,o,k,e,n
s,y,l,l,a,b,u,s
u,n,r,e,d,e,e,m,e,d
u,h,h,h,h,r,m,m
p,a,p
p,a,t,h,a,y,a
r,e,d,e,e,m,e,d
p,o,n,g,a,l
j,a,m,e,s
s,u,i,t
f,u,m,b,l,i,n,g
b,e,l,t
s,t,a,r,t,i,n,g
c,r,u,c,i,a,l
j,e,n,n,e
s,t,o,c,k,p,o,r,t
p,e,r,f,u,m,e
p,l,e,a,s,u,r,e
a,m,r,i,t,a
e,y,e
s,p,o,r,t
p,u,r,e
s,t,a,r,t,e,d
v,o,l,c,a,n,o
s,w,i,n,g
w,n,t
p,h,o,n,y
t,e,s,t
d,i,f,f,i,c,u,l,t,y
s,o,r,t,e,d
t,r,u,c,k
a,s,u,s
s,u,p,e,r,v,i,s,o,r
p,r,i,e,s,t
h,i,d,i,n,g
a,r,t
r,u,l,e
a,f,r,a,i,d
h,a,i,r
r,e,m,o,v,e,d
g,o,v,t
a,d,v,i,s,e
o,c,t,o,b,e,r
r,y,a,n
g,e,t,i,n,g
o,r,i,g,i,n,a,l
b,r,e,a,d
w,a,t,t
b,e,e,n,d,r,o,p,p,i,n,g
s,r,y
p,a,y,a,s,a,m
i,m,p,r,e,s,s,i,o,n
s,t,e,e,r,i,n,g
e,e,r,i,e
o,l,i
m,c,a,t
s,t,r,e,s,s,f,u,l,l
s,l,i,d,e
h,u,r,r,i,e,d
i,s,l,a,n,d
i,b,m
l,a,u,g,h
s,k,i,n,n,y
g,o,t,a,n,y
c,l,d
f,r,e,e,z,i,n,g
t,r,u,s,t
d,e,s,s,e,r,t
l,a,i,d
w,a,t,c,h,i,n,g
t,i,c,k,e,t
g,l,a,s,g,o,w
a,n,t,i,b,i,o,t,i,c
n,o,k,i,a
u,m,m,a
w,a,l,k,i,n,g
g,o,o,d,n,i,g,h,t
e,x,p,l,a,i,n
t,e,a,r
l,o,t,t,o
s,e,n,d
t,e,s,s,y
g,o,o,d,n,i,t,e
y,o,u,d,o,i,n,g
r,e,c,k,o,n
d,a,n,e
y,o,r
s,m,s,s,e,r,v,i,c,e,s
w,a,n,a
d,u,d,e
d,i,p,p,e,d,i,t,i,n,a,d,e,w
u,r,n
s,u,n,d,a,y
i,s,c,o,m,i,n,g
m,e,s,s
s,a,u,s,a,g,e
w,e,a,k,n,e,s,s
s,i,a,n
i,p,a,d
p,i,c,t,u,r,e
p,h,n,e
p,o,c,k,e,t,b,a,b,e
j,e,r,i
p,a,d,h,e
s,a,r,a
f,r,e,n,c,h
t,r,e,a,t
k,a,l,a,i,n,a,r
t,l,p
a,k,a
r,t,f
w,l,c,o,m,e
p,r,o,s,p,e,c,t
s,t,r,o,k,e
b,a,t
l,i,p
e,d,u,c,a,t,i,o,n,a,l
g,u,d,n,i,t,e
i,n,d,e,p,e,n,d,e,n,c,e
b,a,d
r,u,g,b,y
s,a,e
h,o,s,p,i,t,a,l
b,r,e,a,k
b,a,c
g,a,y
l,a,d,e,n
k,i,e,f,e,r
f,r,n,d,s
k,i,n,t,u
f,e,l,l
u,n,b,e,l,i,e,v,a,b,l,e
p,e,a,k
r,e,p,l,i,e,d
d,e,m
a,d,a,m
w,i,h,t,u,o,t
e,n,n,a
c,r,i,c,k,e,t,e,r
s,u,n,o,c,o
v,o,m,i,t
e,n,j,o,y,i,n,g
n,a,n,n,y
f,a,c,i,l,i,t,y
l,e,s,s,e,r
a,d,m,i,t
n,i,k,e
n,u,t,h,e,r
a,d,j,u,s,t,a,b,l,e
w,e,e
p,a,p,e,r,w,o,r,k
m,e,s,s,i,n,g
d,i,r,t,i,e,s,t
z,a,c
t,o,g
h,a,l,f
v,i,c,t,o,r,i,a
g,o,o,d,m,o,r,n,i,n,g
b,o,o,s,t
d,o,z,e,n
g,r,a,n,i,t,e
t,r,e,n,d
d,i,s,m,a,y
e,n,t,r,e,p,r,e,n,e,u,r
o,k,m,a,i,l
p,a,y,p,a,l
k,o,n,w
s,k,y,p,e
m,u,m,b,a,i
p,l,a,y,n,g
h,a,v,a
p,e,r,s,p,e,c,t,i,v,e
h,o,t,m,i,x
a,r,r,i,v,e,d
m,u,h,o,m,m,a,d
p,a,x
l,o,a,d
d,e,n,g,r,a
m,a,c,h,a
g,a,l
n,a,g
d,b,u,k
l,u,c,o,z,a,d,e
u,n,c,o,n,s,c,i,o,u,s
d,e,v,o,u,r,i,n,g
k,e,e,n
f,l,o,r,i,d,a
t,r,a,n,s,f,r,e,d
a,v,a
p,o,u,n,d,e,d
t,e,x,t,e,d
j,o,k,e
p,l,a,n,e,t,t,a,l,k,i,n,s,t,a,n,t
l,e,a,f
s,p,o,t,t,y
m,a,j,o,r
t,o,o,t,s,i,e
d,e,f,i,n,i,t,e
t,e,l,e,p,h,o,n,i,c
t,u,t,h
t,a,k,e
b,a,w,l,i,n,g
p,l,a,n
f,o,r,c,e,d
w,e,r
o,f,f,e,r
c,o,l,l,e,c,t,e,d
w,r,i,g,h,t
u,s,c
t,r,a,d,e
f,l,a,t,t,e,r
l,e,a,d
p,r,o,p,s,d
v,o,m,i,t,i,n
a,b,i,l,i,t,y
e,v,r,y,d,y
h,u,g,e
a,l,i
s,p,o,i,l
m,e,o,w
c,u,r,i,o,u,s
n,e,g,a,t,i,v,e
t,u,i
v,a,s,a,i
s,a,v,a,m,o,b
g,a,m,b
o,l,y,m,p,i,c,s
e,x,c,i,t,i,n,g
b,r,o,w,s,e
s,o,o,n,e,r
t,o,r,t,u,r,e
k,i,c,k
r,a,d,i,o
w,e,e,d
h,o,l,i,d,a,y
g,a,i,n
c,h,i,l,d,r,e,n,s
s,t,u,d,d,y,i,n,g
w,i,s,e
f,a,d,e,d
p,r,o,f,i,t
e,n,t,e,r,t,a,i,n
w,t,f
d,e,v,e,l,o,p
h,a,c,k
w,h,i,l,l,t,a,k,e
n,o,r,d,s,t,r,o,m
f,o,n,e
i,s,n
m,s,n
p,o,p,p,e,d
s,l,o,b
b,a,t,t
i,l,o,l
d,o,r,m
s,m,s,i,n,g
h,o,u,r,i,s,h
i,n,d,i,a,n
h,d,d
c,h,g,s
f,u,n,c,t,i,o,n
b,e,n,e,a,t,h
n,e,r,v,o,u,s
s,i,l,e,n,c,e
b,o,o,k
s,t,u,f,f,i,n,g
i,m,p,r,o,v,e
f,a,n
e,g,o
b,a,s,e
m,o,v,i,e
s,h,a,h,j,a,h,a,n
g,o,l,d
f,o,r,w,a,r,d
l,o,r
n,o,r,a
p,e,r,u,m,b,a,v,o,o,r
a,d,o,r,i,n,g
e,x,t,r,a,c,t
m,u,r,a,l,i
s,t,r,e,s,s
c,l,o,s,i,n,g,d,a,t,e
a,m,m,a
g,o,i,g,n,g
i,m,p,r,e,s,s
o,t,b,o,x
m,o,t,o,r,o,l,a
m,a,g,i,c,a,l
l,a,p,d,a,n,c,e,r
c,a,m,e,r,a
b,r,a,h
d,e,d,i,c,a,t,e
c,o,n,f,i,d,e,n,c,e
o,i,c
g,i,r,l,i,e
c,o,i,m,b,a,t,o,r,e
d,r,a,m,a,s,t,o,r,m
c,l,u,b,z,e,d
m,a,r,k,i,n,g
s,e,c,o,n,d,a,r,y
m,u,s,h
m,a,g,i,c
c,r,e,d,i,t
p,a,y,m,e,n,t
y,r
l,o,t
s,u,p,p,l,y
p,r,e,d,i,c,t,e
g,r,o,o,v,e,d
w,i,l
p,r,e,t,s,o,v,r,u
i,n,t,e,n,t,i,o,n
a,a,h
r,i,p,p,e,d
t,i,l,l
t,a,t,t,o,o
e,n,v,e,l,o,p,e
c,h,e,a,t
p,l,a,n,e
x,a,f,t,e,r
j,a,z,z
l,i,f,p,a,r,t,n,r
r,e,c,e,i,p,t,s,w,e,l,l
f,r,n,d,s,s,h,i,p
s,t,r,i,p
e,a,r,l,i,e,r
c,e,l,e,b
v,o,i,l,a
f,i,g,u,r,e
r,e,a,s,s,u,r,i,n,g
u,p,t,o
d,u,r,b,a,n
s,h,u,t
n,a,v
s,c,o,r,e
b,o,o,k,s,h,e,l,f
c,r,y
m,e,i
p,e,r,c,e,n,t,a,g,e
i,r,i,v,e,r
t,m,r
h,u,i
a,s,s,i,s,t,a,n,c,e
p,a,n,d,y
c,u,m
c,o,u,n,t,r,y
s,i,l,l,y
g,u,r,l
g,u,d,n,y,t
s,a,n,t,a,c,a,l,l,i,n,g
a,f,f,e,c,t,i,o,n
m,e,n,t,a,l
p,r,o,m,i,n,e,n,t
o,l,l,u
c,o,l,l,a,g,e
w,o,o,u,l,d
s,u,d,d,e,n
u,p,l,o,a,d
o,u,t,a,g,e
g,u,d
c,l,i,c,k
s,h,o,u,l,d,n
d,e,c,i,m,a,l
i,n,d,i,a,n
s,h,a,n,g,e,l,a
y,a,x,x,x
m,a,r,u,t,i
t,e,c,h
l,u,c,k,y
r,i,d,e
t,r,e,a,t
c,o,u,p,l,e
o,o,o,o,o,o,h
e,x,i,t
l,e,c,t
w,o,r,d
e,a,s,i,l,y
s,e,t,t,i,n,g
t,o,r,c,h
a,r,r,e,s,t,e,d
b,e,l,l,i,g,e,r,e,n,t
d,i,n
m,a,r,k,e,t
i,t,h,i,n,k
b,u,s,t,y
b,r,o,a,d
r,i,s,k
a,u,d,i,i,t,i,o,n,s
c,h,i,n,n,u
w,e,i,g,h,e,d
j,o,g
l,o,g,o
a,n,d,r,e,s
s,h,i,n,i,n,g
p,u,r,c,h,a,s,e
s,a,y,i,n
z,y,a,d,a
w,i,s,h,l,i,s,t
s,p,e,e,c,h,l,e,s,s
s,h,a,g
s,h,e,e,t
h,a,r,d,c,o,r,e
l,i,o,n
f,u,j,i,t,s,u
f,i,l,l
e,l,a,m,a
f,i,n,i,s,h,d
s,p,e,n,d
s,a,n,e
j,e,r,e,m,i,a,h
s,m,o,k,e,d
m,u,m
m,y,s,t,e,r,y
o,f,f,e,r,i,n,g
t,a,x
r,e,c,p,t
b,u,y,e,r
p,r,a,i,s,e
t,i,p
f,r,n,t
b,e,h,a,l,f
l,o,g,o,f,f
i,n,v,e,s,t,i,g,a,t,e
r,o,w,d,y
p,r,o,b,s
r,e,q,u,i,r,e,s
y,u,o
a,b,s,e,n,c,e
s,e,l,f,l,e,s,s,n,e,s,s
p,r,o,m,o,t,i,o,n
c,l,i,p
d,o,g,w,o,o,d
a,l,e,r,t
s,o,m,o,n,e
o,p,p,o,r,t,u,n,i,t,y
j,u,n,e
m,e,s,s,a,g,e,d
v,o,d,a,f,o,n,e
d,e,f
a,b,t,a
p,r,i,n,c,e
e,l,d,e,s,t
c,l,o,s,e
p,r,o,g,r,a,m
x,x,u,k
s,e,n,r,d
a,h,a
c,c,n,a
f,r,n,d,s,h,p
s,k,i,p
b,u,r,g,e,r
i,t,w,h,i,c,h,t,u,r,n,e,d,i,n,t,o
f,o,r,m
h,o,m,e,o,w,n,e,r
c,o,u,r,a,g,e
a,e,r,o,p,l,a,n,e
o,f,f,i,c,e,r
w,h,a,t,s,u,p
s,t,a,y,e,d
c,l,e,v,e,r
g,a,r,m,e,n,t
k,u,d,i,y,a,r,a,s,u
r,e,m,i,x,e,d
f,i,g,h,t
s,i
s,y,m,p,t,o,m
d,o,g,g
m,y,s,p,a,c,e
u,b,i
e,d,u,c,a,t,i,o,n
h,m,p,h
s,a,l,e,s,m,a,n
s,t,a,n,d
m,y,m,o,b,y
s,u,f,f,e,r,s
y,e,e,s,h
m,u,a,h
e,m,c
p,h,e,w,s
d,i,f,f
a,v,e,n,t
l,e,a,n,n,e
p,l,a,y,e,r
c,h,i,c
n,e,w,s,l,e,t,t,e,r
f,i,n,k
s,t,a,r,t
o,r,a,n,g,e
b,e,h,a,v,e
d,r,u,g
s,e,r,v,e,d
b,l,a,n,k,e,t
t,r,a,i,n
m,a,p
p,r,a,k,a,s,a,m,a,n,u
t,x,t,i,n
q,u,e,r,y
o,w,l
m,a,c,l,e,r,a,n
k,n,a,c,k,e,r,e,d
o,p,i,n,i,o,n
c,h,a,l,l,e,n,g,e
a,t,t,e,n
v,i,d,e,o,s,o,u,n,d,s
c,o,l,o,u,r
b,l,u
b,r,i,n,g,i,n,g
a,n,d,r,o,s
d,i,v,e,r,t
i,n,t,r,u,d,e
v,i,l,i,k,k,a,m
w,a,t
l,o,c,a,t,i,o,n
g,e,i
f,a,n,t,a,s,y
c,h,i,o,n,g
s,u,l,l,i,v,a,n
c,u,m,m,i,n,g
m,i,l,e
i,t,z
h,a,i
p,a,r,k,i,n
c,h,e,f
g,u,m,b,y
h,o,n,e,s,t,y
g,a,y,t,e,x,t,b,u,d,d,y
e,a,s,y
r,e,f,i,l,l,e,d
v,i,s,i,t,o,r
a,r,n,g
t,i,r,e,d
i,l,l
h,u,s,s,e,y
w,e,b,a,d,r,e,s
c,o,n,n,e,c,t,i,o,n
r,e,m,e,m,b,r
n,a,h,i
r,e,q,u,e,s,t
n,e,t,c,o,l,l,e,x
a,l,l,d,a,y
t,o,d,a,y
m,a,r,l,e,y
b,e,t
t,r,e,a,d,m,i,l,l
q,e,t
a,n,n,a
p,o
f,l,o,o,r
t,i,t,l,e
k,n,o,w,i,n,g
d,l,f
e,v,e
x,u,h,u,i
w,o,n,d,a,r
p,a,n,a,l,a,m
r,e,m,e,m,b,e,r,i
t,h,e,w
g,o,n
w,o,m,a,n
i,c,o,n
b,i,r,t,h
e,m,p,t,y
a,r,e,y,o,u,u,n,i,q,u,e
d,i,s,c,o,n,n,e,c,t
n,v,e,r
s,c,o,t,l,a,n,d
r,e,c,o,r,d,e,d
v,o,d,k,a
v,o,i,c,e
d,o,n,t,p,l,e,a,s,e
f,a,t
h,a,p,p,i,e,r
u,k
a,f,r,i,c,a
b,o,s,t,o,n
e,d,w,a,r,d
r,e,c,e,i,v,e,a
m,a,r,k,e,t,i,n,g
c,t,h,e,n
b,a,r,r,y
l,o,g
b,i,g,g,e,s,t
c,o,m,o
t,e,l
t,h,g,t
m,a,r,c,h
m,s,g,r,c,v,d
g,o,t,a
b,a,j,a,r,a,n,g,a,b,a,l,i
i,d,i,o,t
a,p,p,e,n,d,i,x
w,o,m,d,a,r,f,u,l,l
s,a,l,e
v,a,g,u,e,l,y
k,f,c
g,d,e,v,e
i,k,e,a
c,l,o,s,e
a,l,g,a,r,v,e
c,a,r,d
i,n,r
b,u,y,i,n,g
t,e,a,c,h,e,r
p,r,e,v,i,e,w
a,n,s,w,e,r,e,d
f,i,l,e
a,n,t,e,l,o,p,e
s,p,p,o,k
m,o,t,i,v,a,t,e
h,i,t,m,a,n
t,r,a,n,q,u,i,l,i,t,y
s,a,b,a,r,i,s,h
p,o,o,p
n,i,g,h,t
r,e,c,e,p,t,i,o,n
d,e,p,e,n,d,e,n,t
d,u,r,h,a,m
s,o,l,a,d,h,a
l,a,p,t,o,p
r,u,b
s,o,o,n,l,o,t,s
m,a,n,e,g,e
m,o,b,c,u,d,b
c,o,m,p,l,e,m,e,n,t,a,r,y
j,s,t,f,r,n,d
h,a,p,p,e,n
u,n,m,i,t,s
a,f,f,e,c,t,i,o,n,a,t,e
x,a,m
c,h,o,r,e
b,o,g,n,o,r
h,e,a,r,i,n
d,i,s,t,u,r,b,a,n,c,e
m,o,t,o,r
b,r,a,i,n
d,a,r,e
b,a,s,e,d
c,h,e,n,n,a,i
w,r,e,c,k,e,d
s,t,a,t,e,m,e,n,t
d,i,f,i,c,u,l,t
t,o,t,e
b,l,o,w
s,m,a,s,h,e,d
a,c,i,d
s,a,y,y
g,t,h,r
w,a,l,k,i,n
s,o,l,i,h,u,l,l
a,i,y,a,h
d,a,y,t,i,m,e
o,u,t,s,t,a,n,d,i,n,g
e,c,s,t,a,s,y
t,r,i,p
o,p,e,r,a,t,e
c,h,a,d
f,o,w,a,r,d
m,w,e,n
e,l,v,i,s
h,e,a,t,e,r
y,o,u,p,h,o,n,e
m,a,s,s,a,g,e
h,u,n,n,y
l,e,o,n,a,r,d,o
n,e,v,r
a,g,a,l,l,a
o,r,c
r,e,s,p,o,n,d,i,n,g
h,h,a,h,h,a,a,h,a,h,a,h
g,a,r,i
p,e,r,w,e,e,k,s,u,b
r,e,s,o,r,t
w,t,h,o,u,t
g,r,a,z,e,d
s,p,r,e,e
c,o,u,r,a,g,e,o,u,s
r,i,n,u
i,n,d,e
f,i,l,m
p,l,u,m,b,e,r
e,n,g,a,g,e,d
b,e,c,a,u,s,e,t,h,e,y
p,r,o,v,i,d,e,d
d,i,r,t
c,a,m,r,y
d,i,a,l
o,p,t,i,c,a,l
m,e,s,s,a,g,e
h,e,a,l,t,h,y
u,m,m,m,m,m,a,a,h
g,u,i,d,e
a,r,m
p,i,c,k,l,e
s,o,l,d
m,u,l,t,i,s
o,p,e,r,a,t,o,r
o,b,l,i,v,i,o,u,s
n,e,t
d,u,a,l
m,i,n,m,o,r,e,m,o,b,s,e,m,s,p,o,b,o,x
r,e,s,p,o,n,s,i,b,l,e
m,a,t,t,e,r
i,d,u
r,a,c,a,l
s,h,y
c,o,n,n,e,c,t,e,d
a,u,t,o,c,o,r,r,e,c,t
h,o,n,e,s,t
d,u,m,p
d,r,i,v,i,n,g
s,a,e,e,d
c,o,o,k,y
g,r,e,a,t,n,e,s,s
w,i,r,e
p,i,c,k,e,d
c,e,l,e,b,r,a,t,e
f,a,v,o,r
a,a,o,o,o,o,r,i,g,h,t
p,r,e,p,a,r,e
p,r,o,b,l,m,s
s,e,x,y
s,m,a,r,t,e,r
n,o,v,e,m,b,e,r
p,t,h,i,s
g,r,a,t,e,f,u,l
n,y,t,h,o
r,t,o
e,n,t,e,r,t,a,i,n,i,n,g
k,a,y,p,o,h
d,p
l,y,i,n,g
m,a,r,r,i,e,d
e,x,t,r,e,m,e
s,t,a,t,i,o,n
n,i,t
y,t,h,i,n,g
l,e,a,f
h,o,n,e,y
w,e,d
t,i,r,u,p,u,r
a,o,m
t,e,m,p,e,r
f,r,i,e,n,d,s,h,i,p
r,e,a,c,h
t,e,x,t,a,n,d
k,a,n,o
t,a,t,a
l,o,v,e,r
g,u,a
d,o,c,d
f,r,a,n,x,x
p,o,t,t,e,r
p,u,n,j
d,i,g,i
w,a,s,h,o,b
a,t,h,l,e,t,i,c
s,e,n,t,h,i,l
c,a,r,p,a,r,k
w,r,k,i,n,g
w,i,n,n,e,r
h,o,p
a,c,c,e,p,t
h,e,l,p,i,n,g
o,f,f,e,n,s,e
a,s,j,e,s,u,s
r,e,a,d,y
f,r,i,e,d
v,i,t,a,m,i,n
s,l,a,v,e
f,r,e,a,k
s,m,o,k,e
d,i,s,a,s,t,e,r
g,a,r,a,g,e
a,c,h,e
n,i,g,h,t,e,r,s
i,r,o,n
a,u,d,r,i,e
p,p,w
d,i,m,e,n,s,i,o,n
o,r
o,t,s,i,d,e
d,o,n,t,m,a,t,t,e,r
d,i,f,f,e,r,e,n,c,e
m,o,n,t,h,l,y,s,u,b,s,c,r,i,p,t,i,o,n
c,h,a,s,e
r,e,a,d,e,r
t,r,a,i,n
b,i,l,l
e,x,p,l,i,c,i,t,l,y
b,a,t,h
v,i,v,a
g,l,a,n,d
y,a,x,x
l,i,v,i,n,g
r,o,b,s
s,p,a,i,n
s,t,r,i,n,g
h,a,b,i,t
l,e,a,v,i,n,g
g,a,r,d,e,n,e,r
w,a,s,n
b,y,l,e,a,f,c,u,t,t,e,r
e,x,e,t,e,r
r,a,y,m,a,n
q,a,t,a,r
c,s,t,o,r,e
p,a,n,i,c
q,u,e,s,t,i,o,n,e,d
s,t,e,p
b,r,o,l,l,y
r,o,l,l,e,d
p,h,i,l,o,s,o,p,h,y
u,t,t,e,r,e,d
d,r,o,p
m,e,d,i,c,i,n,e
p,u,r,a
s,u,m,m,e,r
m,u,h,t
t,h,e,s,e,d,a,y,s
s,o,r,t
i,k,n,o,w
v,i,d
s,w,a,n,n
m,e,s,s,e,d
y,e,p
k,e,r,a,l,a
b,l,u,e
e,v,r
s,t,r,a,i,n
l,a,d,y
n,e,v,a
w,o,r,z,e,l,s
c,h,a,m,p,n,e,y,s
b,u,f,f
c,o,m,i,n
j,e,a,l,o,u,s
a,i,y,a,r
g,l,a,s,s
p,a,p,e,r
s,t,a,t,e,m,e,n,t
a,n,n,o,u,n,c,e,m,e,n,t
a,r,e,t,a,k,i,n,g
s,a,c,k
s,p,e,l,i,n,g
d,u,s,k
d,e,n,i,s
s,t,o,p,t,x,t
u,n,i,f,o,r,m
g,o,o,g,l,e
t,o,b,a,c,c,o
c,o,n,v,e,r,s,a,t,i,o,n
h,y,d,e
s,h,i,r,t
d,o,i,n,a,t
b,l,a,s,t,i,n
l,o,o,k,a,t,m,e
a,p,p,l,y
d,i,s,a,s,t,e,r
e,s,h,x,x,x,x,x,x,x,x,x,x,x
a,r,g,u,i,n,g
w,e,a,k,n,e,s,s
t,r,a,n,s,f,e,r,e,d
l,i,n,e
p,a,c,k,a,g,e
c,r,o,s,s
b,o,y
d,e,a,l,i,n,g
l,i,d,o
c,o,l,i,n
k,a,y
d,a,t,e,b,o,x
l,o,t,s,o,f
e,d,u,k,k,u,k,a,y,e,e
a,p,r
s,a,n,g
g,r,e,e,t,i,n,g
d,e,g,r,e,e
r,e,s,t,r,i,c,t,i,o,n
h,u,n,t
h,a,v,i,n
t,w,e,l,v,e
s,h,o,r,t,l,y
k,v,b
s,m,a,s,h
s,w,e,e,t
h,o,p,e,u
r,e,a,c,t,i,o,n
c,r,e,a,m
e,p,i
m,a,i,l
d,r,i,v,e
m,u,m,h,a,s
b,a,t,c,h
c,h,a,l,l,e,n,g,i,n,g
u,n,j,a,l,u,r
s,n,u,g,g,l,e
p,u,s,h,b,u,t,t,o,n
b,e,t,a
f,r,e,n
a,v,e,n,g,e
a,s,a,p
m,o,b,y
s,e,a,r,c,h
r,a,j
d,r,i,z,z,l,i,n,g
s,w,e,e,t,i,e
c,o,n,f,e,r,e,n,c,e
b,u,i,l,d,i,n,g
a,n,y,t,h,i,n
s,h,a,k,e,s,p,e,a,r,e
m,o,b,i,l,e,u,p,d
j,u,l,i,a,n,a,l,a,n,d
b,a,r
i,n,m,i,n,d
d,a,r,l,i,n
s,u,c,k
j,e,l,l,y
m,u,n,d,h,e
s,e,c,u,r,e
a,n,g,e,l
f,i,e,l,d,o,f
i,n,g
p,o,p,c,o,r,n
b,i,z
b,c,m,s,f,w,c
c,y,a
s,t,r
i,n,t,h,a
n,a,i,l
c,h,k
n,a,t,a,l,i,e
s,l,e,e,p,i,n,g
b,a,s,i,c,a,l,l,y
h,i,l,l,s,b,o,r,o,u,g,h
t,i,m,e
m,i,n,m,o,b,s,m,o,r,e
c,h,o,i,c,e
a,l,g,o,r,i,t,h,m
f,l,o,p,p,y
g,o,w,e,r
w,e,a,k
j,u,s,t,b,e,e,n
a,f,t
h,a,i,r,d,r,e,s,s,e,r
q,x,j
s,p,e,c,i,a,l,i,s,e
p,e,r,i,o,d
a,c,t,e,d
v,i,s,a
i,r,r,i,t,a,t,i,o,n
a,c,c,o,m,o,d,a,t,e
w,i,p,e
r,e,c,e,i,v,i,n,g
a,p,o,l,o,g,y
d,e,l,i,v,e,r,e,d,t,o,m,o,r,r,o,w
c,h,o,o,s,e
g,s,e,x
w,y,l,i,e
b,e,r,g,k,a,m,p
o,k,i,e,s
c,o,l,a,n,y
d,e,r,p
s,h,a,m,p,a,i,n
c,a,r,l,y
s,h,o,w,r
p,i,a,h
m,a,r,r,o,w
s,t,r,e,e,t
j,o,i,n,i,n,g
i,n,v,i,t,e,d
t,h,n,k
d,o,t
u,n,i
f,r,a,n,y,x,x,x,x,x
l,i,n,k
s,o,u,r,c,e
s,w,e,l,l
p,r,o,c,e,s,s
s,i,c,k,n,e,s,s
p,o,o,r
a,l,e,x
c,h,a,p,e,l
q,u,i,t,t,i,n,g
b,o,a,r,d
p,r,a,c,t,i,c,e
a,r,t,y
s,u,b,j,e,c,t
a,l,r,i,t,e
s,o,u,n,d,i,n,g
c,a,b
c,o,m,b
k,o,r,l,i
t,k,l,s
w,a,r,d
b,h,a,s,k,a,r
d,r,e,a,m
o,n,l,y,f,o,u,n,d
m,a
m,o,n,k,e,y
e,x,c,u,s,e,d
s,y,r,u,p
v,a,l,u,i,n,g
m,o,b,n,o
d,e,f,i,c,i,e,n,t
p,m,m,o,r,e,f,r,o,m,m,o,b,i,l,e
s,i,m
c,h,e,y,y,a,m,o
t,r,i,p
m,i,s,b,e,h,a,v,e,d
s,o,f,t
g,e,o,r,g,e
c,o,n,n,e,c,t,i,o,n
s,i,n,g,i,n,g
c,o,n,t,e,n,t,i,o,n
j,o,h,n
s,o,u,t,h,e,r,n
u,n,i,v
s,e,p,e,r,a,t,e,d
m,a,c,h,a,n
j,o,a,n,n,a
p,r,e,s,s,i,e,s
p,r,e,p,o,n,e,d
a,t,t,e,m,p,t
s,c,o,u,s,e
p,h,a,r,m,a,c,y
w,o,t
p,l,m
p,r,e,s,c,h,o,o,l,c,o
s,h,d
e,a,t,i,n,g
j,o,b
d,e,p,a,r,t,m,e,n,t
b,o,u,t
i,n,s,i,d,e
w,a,p
c,a,m
c,r,a,b
s,p,e,a,k
i,b,h,l,t,d
r,e,m,e,m,b,e,r
c,a,r,r,y,i,n
w,i,t,h,d,r,a,w
s,e,x,u,a,l
b,a,t,c,h,l,o,r
a,d,r,i,a,n
s,i,t,t,i,n
v,i,s,i,t
c,r,i,s,i,s
b,r,e,a,k,f,a,s,t
s,t,u,f,f
c,o,n,t,r,o,l
u,p,l,o,a,d,e,d
s,h,i,n,y
w,e,l,p
g,r,a,m
m,a,t
d,e,c
h,a,p,p,e,n,e,d
b,l,u,f,f
a,t,r,o,c,i,o,u,s
b,u,i,l,d
m,e,m,o,r,y
r,h,y,t,h,m
f,u,n
n,u
f,l,a,s,h
p,a,t,t,y
o,p,t,i,m,i,s,t,i,c
h,u,n,k
b,u,l,b
o,n,u,m
b,c,z
b,e,n,d
c,u,t,i,e
d,o,u,g
j,e,t
t,h,r,o,w,i,n,g
s,h,a,k,a,r,a
c,o,r,e,c,t
a,n,j,i,e
m,e,a,n,i,n,g,l,e,s,s
a,b,i,o,l,a
h,u,r,r,y
c,a,l,i,c,u,t
r,e,a,p,p,l,y
m,a,r,r,y
s,t,o,c,k
l,u,n,c,h,t,i,m,e
r,u,m,b,l,i,n,g
a,r,g,u,e
j,a,c,k,p,o,t
d,i,n,n,e,r
e,r,i,c,s,o,n
v,a,l,u,e,d
m,e,m,o,r,a,b,l,e
i,c,k,y
t,o,c,a,l,l
b,i,r,l,a
d,e,n,t,a,l
g,a,p
y,e,l,l,i,n,g
m,o,n,o,c
m,o,b,i,l,e,s,d,i,r,e,c,t
g,i,v
e,l,e,c,t,i,o,n
b,r,a,v,e,d
d,a,o
p,a,i,n,f,u,l
s,u,c,c,e,s,s,f,u,l
d,e,v,i,c,e
c,h,i,n,a
s,t,e,r,m
a,c,c,i,d,e,n,t
t,w,i,g,g,s
a,s,s,o,c,i,a,t,e
l,u,b,l,y
h,i,n,t
g,e,o,e,n,v,i,r,o,n,m,e,n,t,a,l
f,l,i,r,t
h,u,r,t,i,n,g
s,e,c,r,e,t
b,i,t
r,a,n,j,u
b,e,a,c,h
b,r,b
d,i,d,n,t,g,i,v,e
t,h,i,n,l
m,u,t,a,i
b,e,n
q,u,o,t,i,n,g
s,h,u,d
v,c,o
g,h,o,s,t
h,a,r,d,e,r
d,a,t,z
m,u,s,i,c,a,l
r,a,n,d,o,m,l,l,y
c,h,e,c,k,i,n,g
t,o,d,o
w,a,t,c,h
s,t,u,d,y
c,a,p,t,a,i,n,i,n,g
s,u,b
h,a,n,d,i,n,g
w,u,n
a,d,d,i,e
t,a,l,l,a,h,a,s,s,e,e
a,d,r,i,n,k
b,r,i,s,k
f,o,r,f,e,i,t
m,a,s,t,e,r,i,a,s,t,e,r,i,n,g
d,o,k,e
t,d,d,n,e,w,s,l,e,t,t,e,r
b,r,i,d,a,l
d,i,m,e
s,y,m,b,o,l
m,e,n
p,r,e
t,a,u,n,t,o,n
b,r,e,a,d,s,t,i,c,k
s,i,p
e,a,s,t
a,m,i
a,w,a,r,d,e,d
i,d,e,w
m,i
i,r,o,n,i,n,g
b,o,l,l,o,x
n,i,c,k
m,o,l,e,s,t,e,d
s,o,u,p
f,r,a,u,d
w,r,o,t,e
c,o,m,p,l,a,c,e,n,t
p,h,y,s,i,c
d,e,c,l,a,r,e
a,l,c,o,h,o,l
a,c,c,i,d,a,n,t
c,o,r,r,e,c,t,i,o,n
h,e,l,l,o,g,o,r,g,e,o,u,s
b,b,q
a,s,l,a,m,a,l,a,i,k,k,u,m
r,e,a,c,h,e,d
c,h,e,c,k,i,n
d,e,c,e,n,t
d,a,r,t,b,o,a,r,d
d,i,z,z,a,m,n
p,i,c,s,f,r,e,e
n,e,w,s
m,e,a,t
s,m,o,k,e
u,v,e
d,r,a,c,u,l,a
b,e,a,r
o,f,i,c,e
w,h,e,n,s
a,n,s,w,r
d,i,f,f,e,r,e,n,c,e
m,e,g
e,n,e,r,g,y
c,f,c,a
w,a,d,e,b,r,i,d,g,e
c,l,u,b
c,i,n,e,m,a
j,o,c,k
l,u,v
s,l,a,a,a,a,a,v,e
c,o,m,f,o,r,t
i,b,h
r,o,u,t,e
f,e,e,l
e,x,t,r,a
d,i,n,t
b,l,a,m,e
i,g,n,o,r,a,n,t
s,n,e,h,a,m
c,r,e,e,p,y
n,o,w,o,r,r,i,e,s,l,o,a,n,s
b,a,n,k
a,b,i
p,r,o,b,t,h,a,t
c,r,e,a,t,i,v,i,t,y
p,e,r,f,o,r,m,a,n,c,e
o,t,h,r,w,i,s,e
c,t,a,r,g,g
m,e,e
e,n,t,e,y
b,a,b,y
d,o,g
f,i,n,i,s,h
a,t,t,e,n,d,i,n,g
i,n,c,o,m,m
t,h,i,n,k,i,n
b,r,e,a,k,i,n
o,c,e,a,n
p,a,r,t,y
h,a,f
g,o,o,d,e,v,e,n,i,n,g
f,o,w,l,e,r
y,o,u,r,i,n,c,l,u,s,i,v,e
d,i,r,e,c,t,o,r
l,a,s,t,i,n,g
f,r,o,s,t,y
a,r,e,s,t,a,u,r,a,n,t
u,n,i,n,t,e,n,t,i,o,n,a,l,l,y
h,a,n,d,s,o,m,e
a,d,d,a,m,s,f,a
t,u,l,i,p
p,o,l,i,c,e
g,o,l,d,d,i,g,g,e,r
r,e,t,a,r,d
r,a,j,i
s,u,g,a,r
l,a,y
g,i,b,b,s
l,v,b,l,e,f,r,n,d
h,i,t,l,e,r
c,l,o,c,k
c,o,n,n,e,c,t
m,e,i,v,e
s,w,a,t
r,o,a,d
r,c,v,d
s,c,o,r,e
e,n,j,o,y,e,d
l,o,o,k,e,d
s,k,i,l,l
r,o,m,c,a,p,s,p,a,m
m,o,n,e
h,r
n,v,m
l,o,s,s
s,i,g,h
b,s,n
p,r,i,n,t,i,n,g
i,d,e,a,l
r,e,a,l,i,s,e
g,r,i,e,f
b,o,o,k,m,a,r,k
c,h,i,l,l,i,n
b,r,i,d,g,w,a,t,e,r
f,r,e,n,s
d,o,u,g,h
g,r,e,e,t
m,i,d,s
s,h,e,e,t
f,o,r,w,a,r,d,e,d
v,a,l,e,n,t,i,n,e
e,l,e,c,t,i,o,n
a,c,c,o,u,n,t
s,a,s,h,i,m,i
c,r,a,z,y,i,n
f,n,e
r,e,s,e,r,v,e,d
s,a,i,b,a,b,a
p,a,r,c,h,i
s,u,x
j,a,n,a,r,i,g,e
e,v,e,n,t,u,a,l,l,y
g,o,r,g,e,o,u,s
r,e,a,s,o,n
m,i,n,u,s
j,e,s,s
a,m,b,i,t,i,o,u,s
a,l,i,v,e
a,n,s,w,e,r
h,a,n,d
d,e,l,i,v,e,r,y
y,h,l
h,u,t
d,i,a,m,o,n,d
s,y,n,c,e,d
t,o,n,i,t,e
m,a,l,a,r,i,a
l,e,g,i,t,i,m,a,t
m,i,n,o,r
g,e,n,t,l,e,m,a,n
h,e,l,l,o,o,o,o
w,o,u,n,d
m,a,n,k,y
c,h,a,n,g,i,n,g
t,r,a,n,s,a,c,t,i,o,n
h,a,n,g,i,n
a,w,a,i,t
f,r,e,a,k,i,n,g
h,o,n
j,u,l,y
b,e,l,l
s,u,m
e,x,p,i,r,e,s
r,c,d
c,l,o,s
t,h,e,m,e
n,u,e,r,o,l,o,g,i,s,t
s,t,y,l,e
s,a,f,e,t,y
l,o,t
o,u,t,r,e,a,c,h
r,e,a,l,i,t,y
s,o,n,y
f,u,s,i,o,n
b,r,e,e,z,y
m,o,j,i,b,i,o,l,a
b,o,y,e
f,a,k,e,y,e
s,e,t,t,l,e
s,t,e,r,e,o
c,o,m,p
v,i,s,i,t,i,n,g
c,u,t,t,i,n,g
t,h,e,k,i,n,g,s,h,e,a,d
r,e,n,e,w,e,d
s,u,c,c,e,s,s
a,l,g,e,b,r,a
r,e,p,l,a,c,e
l,o,u,s,y
p,s,x,t,r,a
y,o,u,w,a,n,n,a
p,h,o,n,e,d
a,v,e
l,o,g,g,i,n,g
t,h,t
m,i,s,s,i,n
s,c,o,l,d
o,u,t,g,o,i,n,g
m,a,h,a,l
c,l,a,i,m
p,r,e,f,e,r
d,u,v,e,t
d,i,c,t
b,o,w,l
c,e,n,t,r,e
s,h,o,w,r,o,o,m
e,x,o,r,c,i,s,t
w,e,d,d,i,n
t,h,x
f,u,t,u,r,e
f,o,r,m,a,l
o,l,o,l
s,a,v,e,d
a,l,l,o,w,e,d
r,e,g,i,s,t,e,r
y,a,l,r,u
d,e,v,e,l,o,p,e,r
k,e,y
c,a,r,e,e,r
m,i,s,f,i,t
b,r,u,c,e
c,a,t
s,p,e,l,l,e,d
s,a,t,i,s,f,i,e,d
m,a,t,e
n,a,t,a,l,j,a
m,a,t,c,h
g,e,n,u,s
w,e,s,l,e,y
c,u,s,t,c,a,r,e
k,i,l,l,i,n,g
g,r,a,v,i,t,y
b,i,g,g,e,r
t,e,l,l,i,n,g
i,t,c,o,u,l,d
f,i,n,a,n,c,e
s,t,i,c,k
s,e,m
g,u,i,l,t,y
a,p,p,o,i,n,t,m,e,n,t
o,u,t,f,o,r
s,a,l,a,r,y
k,i,s,s
g,e,r,m,a,n,y
c,h,e,e,r
i,t,x,t
r,e,s,u,b,m,i,t
e,n,v,i,r,o,n,m,e,n,t
c,o,s,t,u,m,e
s,e,n,s,e
b,r,e,a,k
t,o,n
p,r,o,z,e
s,h,a,r,e
m,u,m
p,r,a,b,u
t,u,r,k,e,y
i,m,p,o,s,e,d
m,o,n
p,p,l,e
n,o,i,s,e
z,o,o,m
s,l,e,e,p
p,a,u,l
v,i,b,r,a,n,t
t,o,o,l
y,u,o,u
t,u,n,e
p,r,o,p,o,s,e
l,a,t,e,l,y,x,x,x
h,o,o,k
k,i,l,l,e,d
f,l,y,n,g
a,t,t,e,n,t,i,o,n
s,o,r,t,i,n,g
t,a,t
b,o,r,i,n,g
c,e,r,e,a,l
e,r,r,o,r
n,u,r,u,n,g,u
f,a,v,o,u,r,i,t,e
w,e,b,s,i,t,e
c,a,u,s,i,n,g
f,u,l,f,i,l
c,o,o,l
p,h,p
e,a,s,i,e,r
b,o,o,o,o
s,t,a,r,v,i,n,g
d,o,w,n,o,n
a,s,h
t,i,n,y
f,l,o,w,i,n,g
k,i,n,d,a
h,o,u,s,e,w,o,r,k
b,a,l,l
w,e,a,t,h,e,r
l,i,s,t,e,d
m,a,s,k,e,d
l,e,c,t,u,r,e,r
w,o,m,a,n
m,o,r,o
c,a,v,e
a,m,m,a,e
f,a,i,l,u,r,e
m,o,r,o,w
f,r,e,i,n,d,s
p,h,y,h,c,m,k
t,h,u,r,s
w,a,i,t,i,n
k,a,r,o
w,e,s,t,o,n,z,o,y,l,a,n,d
a,n,y,o,n,e,s
v,e,g,a
p,a,n
s,t,r,i,k,e
b,i,o,l,a
d,i,s,c,u,s,s,e,d
p,r,a,c,t,i,c,a,l
r,o,o,m,m,a,t,e
a,f,t,e,r,n,o,n
a,m,o,r,e
s,a,m
l,o,o,k,i,n
c,l,o,s,e,b,y
e,s,s,a,y
f,a,t,h,e,r
h,o,n,t
t,o,m,a,r,r,o,w
g,r,a,v,e,l
w,r,l,d
j,u,d,g,e,m,e,n,t,a,l
c,o,f,f,e,e
g,r,i,n,u,l,e
e,a,t,e,n
a,c,c,o,m,o,d,a,t,i,o,n,s
p,a,i,n
d,i,s,m,i,s,s,i,a,l
o,u,c,h
t,o,h,a,r
s,u,p,p,l,i,e,r
p,h,r,a,s,e
m,o,n,t,h
u,n,s,o,l,d
r,e,s,o,l,v,e,d
l,m,a,o
b,l,e,s,s,e,d
w,a,l,m,a,r,t
o,v,e,r,d,o,s,e
b,u,r,n
b,e,l,i,v,e
u,k,p
s,h,i,v,r,a,t,r,i
d,r,p,d
p,o,s,t
l,i,s,t
t,h,i,r,t,y,e,i,g,h,t
h,o,w,u
l,d,e,w
t,o,l,e,r,a,n,c,e
s,l,e,e,p,i,n
h,a,s,s,l,i,n,g
l,y,k
m,a,t,r,i,x
w,o,w
v,a,l,u,a,b,l,e
s,u,n
p,o,s,h
s,i,l,v,e,r
e,x,p,e,r,i,e,n,c,e
c,u,d
l,u,c,k
n,a,c,h,o
s,p,o,u,s,e
c,o,l,o,u,r
d,a,n,c,c,e
a,r,i,t,h,m,e,t,i,c
b,r,o,w,n,i,e
p,i,e,c,e
r,a,g,l,a,n
g,o,a,l
p,e,r,t
s,e,t
c,o,z
d,i,s,t,r,a,c,t
s,t,u,d,y,n
s,e,a,t
a,b,e,g
b,o,t
h,u,h
c,o,n,g,r,a,t,u,l,a,t,i,o,n
r,u,d,e
t,a,k,e,c,a,r,e
g,r,o,w,n
n,u,d,i,s,t
l,a,g,e
w,h,e,r,e,v,r
c,h,e,e,r,e,d
w,o,n,d,e,r,i,n,g
s,a,p,n,a
g,e,n,u,i,n,e
a,v,o,i,d,s
w,i,l,d,l,i,f,e
c,o,u,n,t
e,x,c,u,s,e
c,a,b,l,e
f,o,o,l
s,q,u,e,e,e,e,e,z,e
p,e,r,s,e,v,e,r,e,d
p,h,b
a,n,n,o,n,c,e,m,e,n,t
s,e,v,e,n,t,e,e,n
t,h,u,r,s,d,a,y
d,e,l
t,h,i,a
e,x,o,r,c,i,s,m
b,i,t,e
c,h,a
a,p,p
h,e,a,d,s,t,a,r,t
n,o,u,n
k,o,d,s,t,i,n,i
a,t,t,e,n,d,e,d
g,a,m,e
w,a,h,l,e,y,k,k,u,m
t,r,i,a,l
g,r,a,d,u,a,t,e,d
p,r,e,s,i,d,e,n,t
a,p,o,l,o,g,i,s,e
l,a,d,y
s,t,r,i,p,e
p,i,l,a,t,e
n,i,g
j,o,l,t
c,r,e,s
s,i,g,h
c,i,n,e
e,n,t,e
m,a,h
j,a,n,x
o,f,s,i
s,k,a,t,e,b,o,a,r,d,i,n,g
n,y,c
s,u,r,p,r,i,s,e,d
s,i,l,e,n,t,l,y
e,x,p
c,r,a,v,e
h,e,a,l,e,r
p,a,r,a,n,t,e,l,l,a
c,o,n,f,i,g,u,r,e
a,l,e,r,t,f,r,o,m
d,a,r,l,i,n,g
c,a,s,h,b,i,n
p,r,i,s,c,i,l,l,a
t,e,e,t,h
b,a,b,y
s,m,e,a,r
r,e,s,t
p,r,o
a,m,u,s,e,d
m,i,n,u,t,e
c,u,d,d,l,i,n,g
s,w,e,a,r
s,e,x,t,e,x,t,u,k
r,e,m,e,m,b,e,r,e,d
n,i,c,e
w,a,h
n,u,m
b,a,b,y,g,o,o,d,b,y,e
b,i,l,o
p,r,o,t,e,c,t
g,n,a,r,l
r,e,s,e,t
s,i,s,t,e,r
i,c,c,h,a
w,o,o,z,l,e,s
k,i,s,i
s,c,r,e,a,m,i,n,g
i,n,n,i,n,g
r,e,a,d
a,t,l,a,s,t
c,h,e,c,k,u,p
c,h,o,c,o,l,a,t,e
y,a,r,d
w,a,n
p,r,e,s,c,r,i,b,e,d
c,h,a,m,p
l,a,u,t,e,c,h
e,x,a,c,t
r,u,m,m,e,r
a,v,o,i,d,i,n,g
x,c,h,a,t
l,a,p
p,p,e,r,m,e,s,s,s,u,b,s,c,r,i,p,t,i,o,n
k,e,e,p,i,n,g
m,e,l,l,e
f,i,r,m,w,a,r,e
h,t,m,l
v,a,l,i,d
l,e,n,g,t,h
e,m,p,l,o,y,e,e
e,x,p,e,c,t
t,w,i,n
s,h,i,j,a,s
d,e,h,y,d,r,a,t,e,d
g,o,d
l,i,c,k
l,a,z,y
d,o,m
u,n,r,e,c,o,g,n,i,z,e,d
b,l,o,k,e
h,a,p,p,e,n,i,n,g
c,h,a,c,h,i
h,a,n,u,m,a,n
h,a,n,g,i,n,g
r,e,b,e,l
a,b,s,o,l,u,t,l,y
t,a,s,t,s
l,a,b
d,a,t,e
c,l,a,y,p,o,t
c,a,t,e,g,o,r,y
i,p,o,d
p,s,y,c,h,i,c
s,h,o,l,a
k,n,i,c,k,e,r,s
t,r,i,u,m,p,h,e,d
h,e,a,p
m,s,g,r,c,v,d,h,g
j,a,n
m,i,n,a
d,r,m,s
c,h,e,s,t
m,u,s,t,a
h,o,l,e
e,l,a,b,o,r,a,t,i,n,g
g,u,a,r,a,n,t,e,e
u,n,s,u,b
a,p,p,r,o,v,e,d
t,x,t,a,u,c,t,i,o,n
r,a,i,l,w,a,y
d,e,g,r,e,e
c,h,i,p
h,o,u,s,e,w,i,f,e
l,i,f,e,t,i,m,e
v,i,v,e,k
s,p,o,r,t,s,x
r,e,t,i,r,e,d
s,p,o,s,e
d,o,n,n,o
c,o,m,i,n,g,d,o,w,n
t,r,y,i,n
n,a,m,e
s,c,r,e,a,m,e,d
d,i,a,p,e,r
r,e,n,e,w,a,l
t,r,a,n,s,f,e,r
n,a,n,g,e
g,u,c,c,i
f,o,r,g,i,v,e,n,e,s,s
a,r,c,a,d,e
s,n,o,t
h,e,c,t,i,c
k,i,p
s,e,a,r,c,h,i,n,g
a,d,e,w,a,l,e
o,r,e,o
n,i,c,h,o,l,s
l,i,f,e,i,s
n,i,g,h,t
f,o,r,m
r,e,c,e,i,v,e,d
p,e,t,r,o,l
e,m,a,i,l,e,d
m,o,r,r,o,w,x,x,x,x
m,i,s,s
r,e,a,l
h,o,w,s
f,r,e,e,d,o,m
r,e,l,a,t,i,v,e
j,e,r,r,y
p,l,o,u,g,h,i,n,g
e,r,o,d,e
b,l,a,n,k,e,t
p,l,a,n,n,i,n,g
t,h,i,r,u,n,e,l,v,a,l,i
f,i,f,a
s,a,u,c,y
s,o,z,i
d,a,b,o,o,k,s
t,a,x,t
v,e,r,i,f,y
t,r,a,i,n,i,n,g
s,a,f,e
w,e,d,n,e,s,d,a,y
t,e,l,p,h,o,n,e
n,o,t,i,x,i,q,u,a,t,i,n,g
s,i,t,e
l,u,v,d
t,a,h,a,n
c,h,i,c,k
c,u,d,n,t
w,i,n,e
a,a,n,i,y,e
c,e,n,s,u,s
m,u,l,t,i,m,e,d,i,a
o,p,t,i,n
o,p,e,n,e,r
c,h,r,i,s,t
c,a,s,h,t,o
s,u,r,v,e,y
f,o,o,d
e,x,p,e,r,i,m,e,n,t
b,a,k,r,a
p,r,a,y,r,s
b,l,o,o,d,y
d,e,s,i,g,n,a,t,i,o,n
t,o,b,e,d
b,e,l,o,n,g
n,a,l,l,i
c,e,l,l
s,o,c,i,a,l
a,l,o,t
d,e,p,e,n,d,a,b,l,e
h,o,l,d,e,r
u,b,a,n,d,u
i,m,p,l,i,c,a,t,i,o,n
s,u,g,g,e,s,t,i,o,n
p,r,o,b
r,e,m,i,n,d
b,d,a,y
s,h,o,v,i,n,g
o,b,l,i,s,i,n,g,a,t,e,l,y
s,h,i,p,p,i,n,g
b,a,s,h
s,o,m,e,p,l,a,c,e
h,e,a,v,y
g,e,n,d,e,r
y,o,g,a,s,a,n,a
p,r,o,o,v,e
g,o,d
p,a,r,a,g,o,n
c,h,i,e,f
i,n,v,e,s,t
b,f,f,s
t,i,m,e
s,l,i,p
w,o,t,u
m,i,t,t,e,l,s,c,h,m,e,r,t,z
d,r,y
t,r,a,n,s,f,r
i,m,p,a,t,i,e,n,t
w,i,f,e
b,r,i,l,l,i,a,n,t,l,y
p,o,s,i,t,i,v,e
h,a,n,n,a,f,o,r,d
h,o,t,m,a,i,l
e,r,i,c,s,s,o,n
m,i,s,s,e,d
n,e,e,d,y
c,h,e,z
o,r,e,o
p,h,o,n,e
l,i,s,t,e,n,e,r
s,c,r,e,e,n
f,l,y
e,v,i,l
l,a,u,n,d,r,y
e,u,r,o,p,e
f,e,e,l
u,s,m,l,e
s,u,f,f,e,r
h,o,l,d
p,o,l,e
g,r,u,m,b,l,e
x,x,x,x,x,x,x,x,x,x,x,x,x,x
m,t,n,l
h,o,w,d,y
i,n,s,p,e,c,t,i,o,n
u,t,e,l,e
j,e,n,n,y
t,i,m,i,n
y,e,t,u,n,d,e
n,a,s,e,e,b
d,i,s,e,a,s,e
s,u,d,n
o,b,e,s,e
l,o,v,e
t,i,c,k,e,t
g,o,t,t,o
f,i,n,d,i,n,g
p,l,a,t,e
m,e,d
v,e,g,g,i,e
c,e,n,t,e,r
a,n,s,r
n,n,f,w,f,l,y
d,r,y,e,r
s,u,r,n,a,m,e
p,u,z,z,e,l,e,s
t,h,a,n,g,a,m
s,i,c
s,m,e,l,l
a,n
r,a,d,i,a,t,o,r
b,o,m,b
l,o,v,e,r
h,o,l,b,y
m,r,o
g,o,l,d,v,i,k,i,n,g
t,a,g,g,e,d
k,o,c,h,i
q,u,i,e,t
p,r,e,v,e,n,t
k,e,l,u,v,i,r,i
r,e,a,s,o,n
o,g,a
p,h,i,l
a,d,d,i,n,g
g,i,m,m,e
e,e,k
s,u,n,t,e,c
m,e,a,t,b,a,l,l
h,o,s,t,i,l,e
e,m,o,t,i,o,n
m,r,w
t,a,m,i,l,n,a,d,u
p,p,t
h,e,h,e
u,r,e
s,p,e,c,i,a,l
m,a,t,u,r,i,t,y
b,u,s,i,n,e,s,s
n,a,s,t,y
f,m,l
f,a,l
s,a,t
h,m,m,r,o,s,s
o,l,a,g,e
h,o,o,d,y
r,i,n,g,t,o,n,e,k,i,n,g
s,p,l,e,n,d,i,d
n,e,e,d,a
t,o,o,k,p,l,a,c,e
s,a,l,e
q,u,a,l,i,t,y
o,v,e,r,a
n,a,t,w,e,s,t
f,i,x,e,d,l,i,n,e
c,o,s,t
b,a,t,h,e
r,e,c,i,e,v,e
y,a,y
f,e,d
l,i,b,e,r,t,i,n,e
f,a,v,o,r,i,t,e
s,h,o,u,t,i,n,g
p,r,a,v,e,e,s,h
t,e,s,t,i,n,g
f,l,i,r,t,i,n,g
f,l,y
l,e,s,s,o,n
t,h,r,e,a,t
x,x,x
u,n,u,s,u,a,l
n,o,t,i,c,e
s,p,e,a,k,i,n,g
c,a,l,l
f,r,o,g
g,y,m
b,o,w,l
p,l,y,r
h,e,s,i,t,a,t,e
g,u,o,y,a,n,g
c,t,a,g,g
s,a,t,h,y
b,l,o,g,g,i,n,g
r,o,c,k,i,n,g
w,a,t,i,n,g
a,n,n,i,v,e,r,s,a,r,y
s,p,o,k,e
s,o,c,h,t,e
w,i,n,d,y
p,l,a,z,a
c,o,m,p,a,n,y
m,a,t,u,r,e,d
m,u,n,s,t,e,r,s
e,m,a,i,l
c,l,a,r,i,f,y
v,i,t,a,l
t,r,e,a,t,e,d
f,l,a,k,y
t,e,x,t,p,o,d
s,t,a,r
p,u,n,i,s,h,m,e,n,t
g,r,o,w,i,n,g
a,y,o
v,i,d,e,o
n,b,m,e
p,r,a,s,a,d
l,i,f,e
m,o,r,r,o,w
o,w,n,e,d
f,l,u,n,g
c,a,r,d
p,s,p
o,o,h
c,h,r,i,s,t,m,a,s,s,y
y,i,j,u,e
a,r,a,b,i,a,n
m,i,s,t
b,e,t,h
c,r,i,c,k,e,t
b,o,o,k,e,d,t,h,e
r,o,b
l,a,r,g,e,s,t
o,k,i,e
t,h,m
f,a,i,r
t,o,u,c,h,e,d
c,h,i,l,l,a,x,i,n
d,r,o,p,p,e,d
y,e,t,t,y
c,o,d,e
a,p,p,r,o,v,e
z,h,o,n,g
m,i,l,a
s,p,a,r,k
k,a,m,a
d,e,t,a,i,l
q,u,i,t,e,a,m,u,z,i,n,g
s,t,o,r,m,i,n,g
e,i,g,h,t,i,s,h
s,u,b,s,c,r,i,t,i,o,n
c,o,v,e,r
w,a,t,r
h,i,l,l
s,u,d,d,e,n,l,y
c,o,r,r,c,t
a,n,y,t,i,m,e
w,o,r,r,i,e,d
s,o,r,y
b,u,s,e,t,o,p
b,u,n
r,e,p,e,n,t
l,o,v,e,m,e
s,t,a,m,p,e,d
v,a,v,a
c,a,t,c,h
n,e,t,w,o,r,k
t,u,n,j,i
m,w,a,h,s
e,m,p,l,o,y,e,r
x,i,n
c,s,b,c,m
r,a,e,d
g,o,s,s,i,p
c,a,l,l,f,r,e,e,f,o,n,e
c,l,a,i,r,e
s,y,s,t,e,m
m,e,n,t,i,o,n,e,d
f,i,l,t,h,y
t,y,p,i,c,a,l
c,a,l,c,u,l,a,t,e,d
w,i,s,k,e,y
m,o,r,p,h,i,n,e
r,e,w,a,r,d
a,l,d,r,i,n,e
s,w,a,n
v,i,o,l,a,t,e,d
p,o,y,y,a,r,i,k,a,t,u,r
s,k,i,r,t
d,e,e,r
s,u,p,e,r,b
p,o,k,k,i,r,i
j,e,r,s,e,y
w,t,c
e,v,o,n,e
c,h,a,r,a,c,t,e,r
l,i,l,y
w,i,n
t,o,a
k,i,c,c,h,u
s,n,a,k,e
c,r,a,v,i,n,g
s,h,b
s,t,o,o,l
c,o,m,f,e,y
k,a,i,t,l,y,n
g,n,u,n
b,r,i,g,h,t
p,o,r,t,a,l
c,h,i,c,k,e,n
p,r,o,g,r,e,s,s
t,r,o,n
n,h,i,t,e
w,a,l,k,a,b,o,u,t
n,a,u,s,e,o,u,s
p,r,o,b,p,o,p
a,f,t,r
p,o,r,t,e,g,e
p,r,i,v,a,t,e
m,r,t
m,i,s,e,r,a,b,l,e
g,e,k
p,r,i,n
m,i,a
d,i,r,e,c,t,l,y
s,t,a,s,h
c,o,p,y
s,t,a,i,r
t,o,m,o,r,r,o,w
w,e,e,k
j,a,b,o
r,o,l,e
r,e,f,e,r,i,n
d,i,v,i,s,i,o,n
h,o,g,i,d,h,e
l,i,k,e,y,o,u,r
c,r,o
b,i,a,n
h,u,r,t
m,o,o,d
k,i,l,o
l,a,r,k
c,o,c,o
d,o,b
r,i,p
r,a,i,s,e
i,n,d,y,a,r,o,c,k,s
g,r,i,n,d,e,r
w,a,r,m,i,n,g
v,a,r,g,u
o,m,w
l,o,u,n,g,e
i,g,n,o,r,e
s,t,o,c,k,e,d
r,e,c,o,r,d,e,r
v,i,l,l,a,g,e
d,u,c,k,i,n,g
j,a,s
o,w,e
t,r,u,f,f,l,e
c,h,i,n,a,t,o,w,n
p,r,e,m,i,e,r
e,x,p,e,r,t
i,n,t,e,l,l,i,g,e,n,t
t,l,k
b,r,o
o,r,g,a,n,i,s,e
l,o,o,o,v,v,v,e
e,m,i,l,y
t,e,x,d
c,a,r
s,n,o,r,i,n,g
t,a,r,i,f,f
l,n,l,y
b,o,o,k,i,n,g
f,r,e,e
w,i,n,n,i,n,g
s,o,m,t,i,m,e,s
s,w,o,l,l,e,n
c,o,a,x,i,n,g
v,a,r,a,y,a
s,p,u,n
w,a,t,e,v,r
b,e,c,o,z
k,e,r,a,l,a,c,i,r,c,l,e
m,o,r,r,o
s,o,u,n,d,t,r,a,c,k
l,e
f,i,f,t,e,e,n
b,e,a,u,t,y
c,u,r,r,y
s,u,b,s,c,r,i,p,t,i,o,n
t,h,a,n,k,u
o,f,f,e,r
b,l,o,n,d,e
f,o,n,i,n
f,l,i,r,t,p,a,r,t,y
t,h
c,i,t,i,z,e,n
k,i,d
m,u,t,a,t,i,o,n
g,u,e,s,s
f,l,i,p,p,i,n
d,o,s,e
u,t,x,t
m,o,d,l
p,o,n,n,u,n,g,a,l,e
r,e,s,p,o,n,c,e
b,r,i,d,g,e
p,r,a,k,e,s,h
l,o,k,o
e,f,f,i,c,i,e,n,t
c,a,s,i,n,g
w,o,n,d,a,r,f,u,l,l
p,e,r,s,o,l,v,o
s,a,d
p,r,i,n,c,e
e,n,v,y
m,o,n,e,y
e,t,t,a,n,s
s,p,e,c
f,r,i,d,a,y
d,o,r,o,t,h,y
i,n,f,o
e,a,t,i,n
a,f,r,i,c,a,n
c,a,n,t,e,e,n
b,u,y,e,r
t,o,u,g,h
t,e,r,m
g,a,m
w,e,s,l,e,y
b,l,e,h
a,c,c,o,m,m,o,d,a,t,i,o,n
t,e,j,u
m,r,e
a,h,e,a,d
a,t,l,a,n,t,a
t,a,l,l,e,n,t
g,l,o,b,a,l
a,x,i,s
s,p,e,e,d,c,h,a,t
c,r,o,w,d
c,r,a,i,g,s,l,i,s,t
e,n,c
f,e,s,t,i,v,a,l
l,a,s,t,e,s,t
c,o,n,d,u,c,t
k,u,c,h
s,h,u,d,v,e,t,o,l,d
n,i,g,h,t,n,i,g,h,t
g,r,a,b
w,n,e,v,r
e,n,t,i,r,e
l,d,n,s
p,r,o,p,e,r
m,e,d,i,c,a,l
g,u,i,d,e
t,s,c,s
d,o,l,l,a,r
l,i,l
h,m,m,m
d,r,i,n,k,i,n,g
l,o,n,d,n
t,u,e
m,a,r,s,m,s
s,i,t,u,a,t,i,o,n
c,o,m,b,i,n,e
s,w,e,e,t,h,e,a,r,t
u,p,d,a,t
u,p,g,r,a,d,e
e,x,c,i,t,e,d
r,i,n,g,t,o,n,e,s
r,e,c,o,u,n,t
l,r,g
r,o,b,i,n,s,o,n
s,h,r,i,n,k
o,r,c,h,a,r,d
h,a,b,b,a
l,a,m,b,d,a
s,t,e,r,e,o,p,h,o,n,i,c,s
c,n,c,l
s,h,i,p,p,e,d
r,e,p,e,a,t
w,h,e,r,r,e
t,u,n,d,e
n,e,i,g,h,b,o,u,r
l,u,l
f,p,s
s,t,y,l,e
a,c,c,u,m,u,l,a,t,i,o,n
g,r,a,n,d,m,a
a,c,h,a,n
y,o,g,a
e,n,g
p,e,r,m,i,s,s,i,o,n
t,r,e,b,l,e
s,w,h,r,t
q,u,i,c,k
r,e,l,o,c,a,t,e
s,u,n,r,o,o,f
i,j,u,s,t
p,o,c,y
l,a,n,d,l,i,n,e,o,n,l,y
x,x,x,x,x
t,h,i,n
c,o,n,v,e,y,i,n,g
s,k,y
g,u,y
b,r,d,g,e,t
r,o,d,d,s
e,b,a,y
h,a,v,n
d,i,s
g,e,n,t,l,e
p,h,o,t,o,s,h,o,p
a,v,a,t,a,r
t,e,s,t
u,r,g,e,n,t
w,e,i,g,h,t,l,o,s,s
h,u,g,g,i,n,g
b,i,t,e
s,c,o,t,c,h
s,m,o,k,i,n
c,o,u,p,l,a
p,o,c,k,e,d
t,o,x,i,c
w,o,u,l,d,n
w,e,t
p,l,a,i,d
p,e,r,s,o,n,a,l,i,t,y
c,o,u,r,t,r,o,o,m
r,e,j,e,c,t,e,d
a,d,m,i,r,e,r
l,i,n,e,r,e,n,t,a,l
m,f,l
s,u,g,a,b,a,b,e,s
c,h,i,c,k,e,n,e,d
j,a,n,e
s,u,p,l,y
s,r,i
j,o,n
m,o,n,k,e,y,a,r,o,u,n,d
a,c,t,o,r
h,o,p,e,i,n,g
r,e,s,p,o,n,s,e
w,e,s,t
k,a,l,a,a,c,h,u,t,a,a,r,a,m,a
i,c,m,b
s,h,o,w,e,r,e,d
c,o,m,p,r,o,m,i,s,e,d
w,o,r,r,y,i,n,g
d,o,o,r
h,a,l,l,a,q
s,i,n,c,o
r,v,x
a,p,r,o,a,c,h
m,n,t,h
p,r,e,s,e,n,c,e
f,i,n,g,e,r
i,c,i,c,i,b,a,n,k
r,e,f,o,r,m,a,t
b,r,o,a,d,b,a,n,d
b,a,t,t,e,r,y
m,i,l,k
d,e,c,i,d,e,d
c,h,o,p
v,o,u,c,h
k,o,t,h,i
b,u,t,t,i,n,g
n,e,t,h,i,n,g
i,m,p,r,o,v,e,d
p,r,a,c,t,i,s,i,n,g
r,e,g,u,l,a,r
g,a,i,l
v,e,t,t,a,m
t,w,i,n,k,s
g,e,e,e,e
m,i,s,s,y
s,u,p,o,s,e
a,n,s,w,e,r,i,n
c,i,a,o
l,i,g,h,t,l,y
e,g,g
c,a,r,e
f,r,a,n,k
m,u,s,i,c,n,e,w,s
s,i,m,p,s,o,n
s,u,b,t,o,i,t,l,e,s
a,l,w,a
a,u,n,t,y
e,v,i,c,t,i,o,n
s,u,p,p,o,s,e,d
s,i,g,n,a,l
j,o,l,l,y
w,e,i,r,d
r,e,s,t,o,c,k,e,d
j,h,l
n,i,m,b,o,m,s,o,n,s
s,a,n,t,a
r,e,q,u,i,r,e,m,e,n,t
n,o,r,m
p,r,a,y,i,n,g
p,i,s,t
k,e,y,p,a,d
s,p,i,n
f,e,a,r
s,p,l,l,e,i,n,g
w,a,m,m,a
a,f,e,w
b,r,e,a,t,h,i,n,g
r,o,d,g,e,r
a,t,t,r,a,c,t,i,o,n
s,a,l,m,o,n
a,r,g,e,n,t,i,n,a
l,a,n,d
c,a,n,n
s,m,e,o,n,e
s,u,r,g,i,c,a,l
d,e,c,i,d,i,n,g
e,t,a
m,i,t,e
m,u,r,d,e,r,e,d
l,e,m,m,e
p,i,n,k
n,o,w,a,d,a,y,s
w,r,k
h,a,n,d,e,d
e,x,c,u,s,e
s,a,l,t
d,e,s,p,e,r,a,t,e
s,i,v,a
m,e,l,n,i,t,e
c,o,l,d
e,v,o
c,l,a,s,s
c,u,s,t,o,m,e,r
d,u,c,h,e,s,s
p,a,r,e,n,t
t,e,e,n,a,g,e,r
c,a,l,l,e,r
n,e,e,k,u,n,n,a
d,i,s,t,a,n,c,e
p,l,e,n,t,y
p,r,i,n,t,e,d
n,a,t,t,i,l
r,i,d,d,e,n
k,a,n,e
g,i,g,g,l,e
f,r,e,s,h,e,r
n,i,c
m,e,h
c,r,a,p
s,e,l,e,c,t
m,a,c
s,e,c,u,r,e,d
s,e,a,s,o,n
l,o,g,o,n
s,c,r,o,u,n,g,e
s,u,p,e,r
w,a,l,l
a,c,l
n,i,n,i,s,h
b,u,f,f,e,t
v,e,r,s,u,s
s,t,e,a,m
t,h,e,s,i,s
k,i,n,d,l,y
g,r,o,o,v,y
s,e,n,d,e,r
r,e,s,i,z,i,n,g
s,i,m,o,n,w,a,t,s,o,n
x,x,x,x,x,x,x
k,n,o,c,k,i,n,g
b,e,t,t,a
p,u,d,u,n,g,a
l,o,g,o
e,l,l,o
b,r,i,n,g,s
s,t,a,d,i,u,m
h,e,a,d
d,e,a,r,e,r
j,a,c,k,e,t
a,v,a,l,a,r,r
a,c,c,e,s,s
l,o,o,s,i,n,g
d,u,m,b
f,i,t
a,w,a,i,t,i,n,g
p,p,m
p,r,e,s,t,i,g,e
s,h,h,h,h,h
j,u,l
p,a,u,s,e
w,a,r,r,a,n,t,y
o,p,p,o,s,i,t,e
w,h,e,n,e,v,r
p,a,y,i,n,g
a,p,p,r,o,x
j,u,l,i,a,n,a
d,i,e,d
l,a,b,o,r
w,h,a,s,s,u,p
a,u,g,u,s,t
c,u,p,p,a
a,d,v,e,n,t,u,r,i,n,g
b,a,n,t,e,r
c,o,m,p,u,t,e,r,l,e,s,s
t,a,y,s,e,e,r
s,e,m,i
s,i,m,p,l,e
h,a,t,e
l,i,n,d,s,a,y
s,m,i,l,e
i,b,n
r,u,d,i
l,o,y,a,l,t,y
d,o,g,g,y
m,i,n,u,t,s
i,n,t,e,n,d
r,e,t,r,i,e,v,e
s,u,r,l,y
c,u,d,d,l,e
v,i,r,g,i,l
h,u,a,i
o,k,d,e,n
a,b,u,s,e
c,o,m,p,l,i,m,e,n,t
m,o,m,e,n,t
x,x,x,x,x,x,x,x
l,o,v,e,j,e,n
p,e,r,f,o,r,m
e,x,p,l,i,c,i,t
l,o,l
d,i,s,c,o,n,n,e,c,t,e,d
r,e,f,e,r,e,n,c,e
p,o,p
f,r,m,c,l,o,u,d
g,e,t,i,i,n,g
f,a,i,l,i,n,g
a,v,a,i,l,a
s,c,u,l,p,t,u,r,e
s,c,o,t,s,m,a,n
r,p,l,y
c,l,a,r,i,f,i,c,a,t,i,o,n
n,a,h
k,u,s,r,u,t,h,i
d,o,n,y,t
f,r,i,e,n,d
k,i,l,l
r,e,s,e,n,d
g,a,g,e
s,a,l,a,d
b,o,g,g,y
b,r,o,u,g,h,t
c,o,o,k,i,n,g
t,a,m,p,a
f,a,t,t,y
a,c,t,i,v,a,t,e
b,o,u,g,h,t
e,x,p,e,n,s,i,v,e
b,f,o,r,e
c,a,r,l,i,e
p,e,r,i,p,h,e,r,a,l
r,u,m
h,a,p,p,e,n,i,n
c,l,a,s,h
j,o,b
h,e,a,d,i,n,g
d,o,w,n,l,o,a,d,e,d
a,l,t,o
b,a,y
r,s,t,m
k,i,t
u,l,t,i,m,a,t,e,l,y
s,c,o,r,a,b,l,e
h,o,u,s,i,n,g
h,u,r,r,i,c,a,n,e
w,u,l,d,n,t
e,s,p,e
t,r,u,e
b,u,e,n
h,a,v,e,b,e,e,n
m,i,n,n,a,m,i,n,u,n,g,i,n,t,e
w,a,t,c,h,e,d
s,t,e,a,l,i,n,g
t,e,l,e,d,i,s,c,o,u,n,t
s,u,t,r,a
d,i,s,a,p,p,e,a,r,e,d
c,o,c,a
c,o,m,p,a,n,i,o,n
g,y,n,o
t,h,e,t
a,b,u,r,o
t,a,l,k
a,n,s,w,e,r,i,n,g
f,i,n,a,l,i,s,e
t,o,l,l
c,o,m,p,a,s,s
d,e,l,u,x,e
l,e,a,r,n
c,o,r,n,w,a,l,l
b,l,o,g
d,r,u,m
s,l,e,e,p,y
r,h,o,d,e
d,v,d
b,l,u,e,t,o,o,t,h,h,d,s,e,t
s,u,r,a
u,g,o
d,u,n,n,o
s,t,o,p,b,c,m
a,b,e,r,d,e,e,n
l,a,n,d,i,n,g
o,w,o
h,e,l,l,a
h,e,s,i,t,a,n,t
f,i,n,i,s,h
u,u,p
i,n,c,o,r,r,e,c,t
w,o,r,k,o,u,t
c,h,o,s,e,n
e,m,b,a,r,a,s,s,i,n,g
p,u,r,p,o,s,e
e,x,m,p,e,l
c,h,i,n,k,y
r,e,a,r,r,a,n,g,e
r,t,m
l,o,s,e,s
h,a,n,d,s,o,m,e,s
d,o,n,t,i,g,n,o,r,e
p,r,a,k,a,s,a,m
s,e,x,i,e,s,t
g,r,o,u,n,d
c,u,s,o,o,n
s,e,r,v,i,n,g
a,c,t,u,a,l
t,o,t,a,l
p,a,r,k
d,i,f,f,i,c,u,l,t
p,r,o,o,f
s,c,r,a,t,c,h,i,n,g
d,e,r,e,k
s,t,r,e,w,n
t,o,p
i,n,c,l,u
a,l,l,a,l,o
s,h,i,n,d,i,g
t,k,e
c,n,u,p,d,a,t,e,s
b,r,o,w,n,i,e
p,i,n,t
p,l,u,m,b,i,n,g
d,o,w,n,l,o,a,d,s
g,o,p,a,l,e,t,t,a,n
u,n,d,e,r,w,e,a,r
n,t,w,k
u,n,s,e,c,u,r,e,d
d,r,i,v,i,n
b,o,y,f,r,i,e,n,d
o,p,t
h,e,l,p
s,t,e,v,e
p,r,e,s,c,r,i,p,t,i,o,n
h,e,r,o
t,i,g,e,r
c,h,a,r,m,i,n,g
a,s,k,d
t,i,g,r,e,s,s
b,a,d,l,y
m,i,n,d,e,d
p,a,y,e,d
r,e,p,e,a,t,i,n,g
u,t,e,r,u,s
c,u,s,t,o,m,e,r
a,m,l,a
t,h,a,n,k,y,o,u
a,i,r
g,r,a,v,y
c,o,n,c,e,r,n,e,d
p,o,s,i,b,l,e
c,o,u,r,t
f,i,n,i,s,h,i,n,g
r,a,i,s,e,d
b,l,o,c,k
t,r,a,u,m,a
c,o,m,p,a,r,e
p,o,r,r,i,d,g,e
e,l,l,i,o,t
h,a,r,i,s,h
m,a,n,i,a,c
s,u,m,m,o,n
r,i,d,d,a,n,c,e
m,c,r
t,e,x,t,b,o,o,k
s,p,e,e,d
g,r,u,m,p,y
x,o,x,o
i,n,v,i,t,a,t,i,o,n
s,o,r,t,a
g,a,i,l,x,x
h,o,l
l,o,a,d
c,u,p
s,m,i,l,e
m,a,s,t,e,r
g,r,a,y
f,i,n,i,s,h,e,d
r,e,l,i,a,n,t
m,a,s,s,a,g,e
d,r,i,n,k
e,l,e,c,t,r,i,c,i,t,y
c,a,r,t,o,n
n,e,c,e,s,s,i,t,y
c,h,e,r,i,s,h
b,e,c,z
a,b,s,t,r,a,c,t
c,h,r,g,d
s,a,t,u,r,d,a,y
p,o,w,e,r,f,u,l
a,m,b,r,i,t,h
c,h,e,r,t,h,a,l,a
p,r,o,v,e,r,b
g,n,t
f,e,e,l,i,n
b,l,u,r,a,y
s,l,a,c,k,i,n,g
d,a,m,n
d,o,b,b,y
a,p,h,e,x,s
t,o,u,c,h
s,i,m,u,l,a,t,e
l,o,v,i,n
g,a,y,l,e
w,a,r,w,i,c,k
f,o,u,n,d,u,r,s,e,l,f
f,l,i,g,h,t
e,v,e,r,y,o,n,e,s
s,p,e,l,l,i,n,g
p,r,o,b,l,u,m
b,r,o,t,h,a,s
m,i,s,s,i,o,n
h,r,i,s,h,i
d,a,n,c,i,n,g
a,i,d
k,n,w
d,e,m,a,n,d
c,o,n,t,e,n,t
n,i,t,w
w,a,s,t,e,d
u,p,c,h,a,r,g,e
d,e,s,p,a,r,a,t,e,l,y
l,a,n,g,p,o,r,t
m,a,k,i,n
t,h,e,a,t,e,r
s,o,u,v,e,n,i,e,r,s
b,r,o,t,h,e,r
g,u,y
m,o,b,s,t,o,r,e,q,u,i,z
p,r,e,p,a,y,m,e,n,t
j,o,d
g,o,v,e,r,m,e,n,t
l,e,a,d
p,a,l,e
c,r,a,s,h,e,d
d,e,l,i,v,e,r,e,d
o,o,p,s
s,o,m,e,t,m,e
a,l,a,i,p,a,y,u,t,h,e
c,a,s,t,o,r
p,o,s,t,c,o,d,e
d,a,n,c,e
s,a,c
p,e,t,e,y
s,a,l,a,m
w,i,d
c,h,a,n,g,e
m,a,r,r,g,e
p,o,u,c,h
t,h,o,u,t
o,u,t,t,a
s,a,t,a,n,i,c
a,b,t
s,u,b,s,c,r,i,b,e
c,o,n,t,i,n,e,n,t
t,o,m,e
b,o,o,k,e,d
s,e,c,r,e,t,l,y
g,a,l
s,a,c,r,i,f,i,c,e
s,w,a,l,p,a
s,u,m,m,e,r
e,n,j,o,y,i,n
c,a,l,l,i,n,g
s,e,r,e,n,a
a,l,l,a,h
l,a,n,e
c,o,n,f,i,r,m
r,e,a,l,i,z,e
t,o,m,o
a,k,o,n
s,w,a,s,h,b,u,c,k,l,i,n,g
c,h,a,s,t,i,t,y
m,a,r,i,n,e
b,a,d,r,i,t,h
u,p,p,i,n,g
l,a,r,e,a,d,y
t,o,o,t,h
s,l,o,v,e,l,y
s,c,a,r,y
a,h,o,l,d
n,o,p,e
l,e,n,n,o,n
d,e,f,e,r
s,h,o,r,t
b,a,n,n,e,d
s,u,z,y
c,u,l,d,n,t
c,u,s,t
r,g,e,n,t
d,a,n,g
p,l,a,y
s,o,m,e,t,e,x,t
n,t,i,m,a,t,e
r,e,a,l,i,s,e,d
c,o,r,r,e,c,t,l,y
i,s,a,i,a,h
p,r,e,d,i,c,t
t,e,r,r,i,f,i,c
d,e,c,k
e,v,a
d,i,s,a,g,r,e,e,a,b,l,e
d,o,c,k
r,e,s,u,l,t
l,o,b,b,y
f,l,a,g
b,r,u,m
w,e,a,s,e,l,i,n,g
l,a,y,i,n,g
t,e,n
p,i,n
d,a,s,a,r,a
i,d,e,n,t,i,f,i,c,a,t,i,o,n
l,o,o,s,e
c,h,e,c,k,m,a,t,e
c,u,s,t,o,m,e,r,s,q,u,e,r,i,e,s
s,i,r
w,o,u,l,d,a
i,z,z,i,t
a,f,f,o,r,d
p,a,r,c,o
b,a,a,a,a,a,b,e
e,r,r
k,n,e,e
w,i,c,k,e,t
s,h,o,t
a,n,t,h,o,n,y
d,e,c,i,s,i,o,n
k,b,s,u,b,j,e,c,t
d,i,g,i,t,a,l
c,a,r,o,l,i,n,e
c,h,e,s,s
t,e,r,e,s,a
p,r,i,d,e
r,i,t,t,e,n
s,p,r,i,n,t
s,p,i,n,o,u,t
o,r,g,a,n,i,z,e,r
d,e,u,s
s,l,e,e,p
c,d
f,i,l,m
r,e,s,p,e,c,t
s,t,o,r,e
l,a,n,c,a,s,t,e,r
f,r,i,e,n,d,s,h,i,p
a,v,o
a,n,t,i
t,a,l,k,i,n,g
c,l,e,a,r,e,r
a,p,p,e,a,l
t,e,s,c,o,s
s,o,f,t,w,a,r,e
u,r,g,e,n,t,l,y
t,h,k,i,n
f,i,r,e
b,o,u,n,d,a,r,y
r,a,i,d,e,n
t,a,l,k,e,d
n,e,w,s,p,a,p,e,r
j,u,n,n,a
n,a,m,o,u,s
w,i,c,k,e,d
f,a,c,e,b,o,o,k
o,p,t,o,u,t
c,l,a,s,s,m,a,t,e
g,u,i,l,d
c,a,l,c,u,l,a,t,i,o,n
m,u,s,t,p,r,o,v,i,d,e
i,n,s,t,i,t,u,i,t,i,o,n,s
g,r,a,n
f,r,e,t
r,e,v,e,a,l
p,e,a,c,h
r,i,n,g
v,a,r,m,a
p,a,r,e,n,t
p,u,b
b,u,d,d,y
a,d,p
s,u,f,f,i,c,i,e,n,t
w,o,r,k,i,n
t,h,r,o,w,n
w,e,b
m,e,m,o,r,y
j,s,c,o
r,a,p,i,n,g
s,a,m,a,c,h,a,r,a
w,h,e,a,t
m,o,d,u,l,e
k,a,d,e,e,m
r,e,c,e,i,p,t
a,s,l,e,e,p
c,l,e,a,n,i,n,g
p,a,r,a,n,o,i,d
r,o,o,m,a,t,e
d,i,s,c,l,o,s,e
m,e,n,t,i,o,n
d,e,t,e,r,m,i,n,e
j,o,i,n
b,o,r,e,d
p,r,i,z,e,a,w,a,i,t,i,n,g
s,u,r,p,r,i,s,e
o,v,u,l,a,t,e
a,p,p,r,o,a,c,h,i,n,g
e,f,f,e,c,t
s,c,r,a,p,p,y
g,u,e,s,s
o,r,e,d,i
i,n,l,u,d,e
s,i,g,n,i,n
i,b,i,z,a
p,r,e,v,i,o,u,s
s,h,a,d,o,w
d,e,p,r,e,s,s,e,d
c,a,n,c,e,l
w,a,l,k,e,d
p,r,e,d,i,c,t,i,o,n
p,h,i,l,o,s,o,p,h,i,c,a,l
f,i,l,t,h,y,g,u,y,s
u,w,a,n,t
c,a,n,l,o,v,e
c,h,i,n,e,s,e
c,o,n,s,e,r,v,e
f,o,r,g,o,t,t,e,n
g,a,u,t,h,a,m
h,a,r,i
a,r,r,o,w
m,l
l,e,a,v,e
m,e,l
w,i,t,o,u,t
c,a,n,a,r,y
a,t,t,r,a,c,t,i,v,e
a,p,p,l,e,b,e,e,s
i,n,f,o,r,m
s,e,n,t,e,n,c,e
d,e,l,e,t,e
e,v,e,r,y,b,o,y
d,e,l,e,t,e,d
o,y,e,a
a,t,t,a,c,h,e,d
l,u,n,s,f,o,r,d
d,a,y,w,i,t,h
m,a,t,r,a
f,a,l,l
h,e,a,v,e,n
c,a,r,l,o,s
f,l,o,w,e,r
c,o,n,s,e,n,t
w,o,n,d,e,r
s,t,o,m,p
l,u,c,k,i,l,y
t,o,p,i,c
c,o,v,e,r,a,g,d
s,t,a,y
s,t,s
v,e,h,i,c,l,e
v,i,s,i,o,n,s,m,s
c,h,e,c,k,b,o,x,e,s
s,t,r,i,c,t
c,u,p,b,o,a,r,d
s,o,l,v,e,d
o,a,t,h
l,a,u,g,h,e,d
c,a,s,t
u,n,n,e,c,e,s,s,a,r,i,l,y
t,x,t,n,o
m,i,s,t,a,k,e
a,f,f,e,c,t,i,o,n
a,m,m,o
h,e,a,r,t
a,m,p,l,i,k,a,t,e,r
c,o,u,n,t,i,n
h,o,r,o
c,o,n,s,t,a,n,t
s,h,i,p
v,t,h
f,a,l,s
m,o,n,o
p,u,r,c,h,a,s,e
a,v,o,i,d
v,a,r,y
j,e,a,n
a,d,v,e,n,t,u,r,e
m,u,s,h,y
g,r,i,n
b,e,n,n,y
r,o,s,e
s,t,o,n,e,r
p,e,r,s,o,n,a,l,l,y
q,l,y,n,n,b,v
w,a,t,e,r
c,o,o,k
m,i,n,i
l,o,v
f,a,i,t,h
l,i,n,e,d
s,e,e,k,e,r
t,b
n,i,t,z
t,a,p,e
e,c,e,f
b,y,e
s,m,e,l,l
s,t,a,t,e,d
p,r,a,p,s
l,t,t,r,s
i,n,s,h,a
t,y,r,o,n,e
o,u,t,a,g,e
m,y,s
p,l,u,r,a,l
p,a,p,a
a,v,i,n
u,n,c,u,t
n,a,l,l,a
n,u,r,s,e,r,y
n,x,t
s,n,d
m,o,o,n
w,e,i,r,d,e,s,t
v,a,g,u,e
c,o,u,g,a,r
h,o,w,a,r,d
t,r,a,v,e,l,i,n,g
s,c,h,o,o,l
q,u,o,t,e
i,n,d,e,p,e,n,d,e,n,t,l,y
i,m,g
n,o,r,t,h,a,m,p,t,o,n
b,a,r,c,e,l,o,n,a
t,r,u,b,l,e
t,w,e,n,t,y
s,e,t,t,l,e,d
b,u,y
t,a,l,k,b,u,t
v,i,c,t,o,r
r,e,a,d,i,n,g
y,e,a,h
c,a,l,l
c,o,n,g,r,a,t,u,l,a,t,i,o,n
e,s,s,e,x,c,m
p,a,s,s,a,b,l,e
a,t,m
m,i,n
w,a,t,s
s,o,n,e,t,i,m,e,s
f,r,e,s,h
l,i,p,o
c,l,a,s
w,a,l,i,k,i,n,g
c,u,s,t,o,m,e,r,c,a,r,e
e,n,t,e,r,s
d,i,w,a,l,i
f,l,e,a
t,a,c,t,l,e,s,s
p,o,o,j,a
w,e,d,d,i,n,g,f,r,i,e,n,d
l,i,f,t,i,n,g
r,o,s,e
c,h,a,m,p,l,a,x,i,g,a,t,i,n,g
c,o,r,r,u,p,t
w,a,r,n,i,n,g
m,e,t,h,o,d
d,e,s,e,r,v,e
i,m,a,g,e
l,o,r,d
s,i,g,n
c,o,l,l,e,a,g,u,e
c,a,r,e,d
s,t,u,n,n,i,n,g
e,t,h,n,i,c,i,t,y
c,o,n,c,e,r,t
r,u,i,n
t,i
y,a,n
w,a,i,t,e,d
h,u,s,t,l,e
d,r,e,s,s
s,t,e,p
f,u,n,k,y
b,u,l,l
f,e,e,d
c,e,r
c,r,i,c,k,i,t,i,n,g
v,a,l,e
c,r,o,y,d,o,n
h,u,n
i,n,s,e,c,t
l,i,k,i,n,g
p,r,o,m,e,t,a,z,i,n,e
w,a,v,e
s,t,a,b,i,l,i,t,y
a,p,p,s
a,s,i,a,n
r,u,p,a,u,l
a,b,r,o,a,d
a,g,o
a,c,h,i,e,v,e
m,e,e,t
c,a,p,a,c,i,t,y
o,s,c,a,r
j,a,m,z
p,i,e,c,e
w,i,l,l,p,o,w,e,r
r,e,t,u,r,n,e,d
c,h,a,r,t
t,i,x
t,r,a,n,s,f,e,r,r,e,d
c,a,v,e,b,o,y
d,e,d,i,c,a,t,e,d
h,u,m,a,n,i,t,y
p,e,n,d,e,n,t
c,u,z
s,l,a,p
k,h,e,l,a,t,e
k,i,l,l
b,l,e,a,k
k,i,t,t,y
p,r,o,v,i,d,e,r
w,h,e,r,e,a,r,e
s,c,i,e,n,c,e
l,a,n,k,a
r,e,v,e,a,l,e,d
s,p,o,o,n
s,t,d,t,x,t,r,a,t,e
w,i,n,d,o,w
m,a,c,h,i
w,o,k,e
b,e,g
d,a,w,n
j,e,e,v,i,t,h,a,t,h,i,l,e
i,m,m,e,d
b,u,r,i,a,l
m,a,n,a,g,e,a,b,l,e
c,r,a,c,k
f,o,o,t,p,r,i,n,t
t,i,r,u,n,e,l,v,a,i
e,a,s,t,e,n,d,e,r,s
m,a,c,h,o
b,o,t,h,e,r
c,a,s,t,i,n,g
s,c,h
o,c,c,a,s,i,o,n
s,p,o,r,a,d,i,c,a,l,l,y
n,t,t
f,i,g,h,t,i,n,g
f,r,e,q,u,e,n,t,l,y
d,r,e,a,m
c,o,n,t,i,n,u,e
a,d,u,l,t
b,r,e,m,o,v,e,d
v,a,r,u,n,n,a,t,h,u
s,t,r,a,n,g,e,r
i,n,t,e,r,n,e,t
m,o,v,e
c,a,r
m,i,s,i,n,g
n,e,c,e,s,i,t,y
f,r,n,d
i,r,r,i,t,a,t,e,s
h,a,n,d,s,e,t
i,n,t,r,e,p,i,d
b,r,i,s,o,n
w,r,o,n,g,l,y
e,u,r,o,d,i,s,i,n,c
d,e,n,t
q,u,e,e,n
l,i,v,e
p,a,y,b,a,c,k
a,p,o
p,e,e,p
i,m,m,u,n,i,s,a,t,i,o,n
t,a,i
h,t,t,p
p,d,a,t,e,_,n,o,w
t,e,l,e,t,e,x,t
d,r,a,s,t,i,c
f,f,f,f,f
g,u,e,s,s,i,n,g
i,m,p,r,e,s,s,i,v,e,l,y
c,h,a,r,a,c,t,e,r
p,a,n,r,e,n
p,l,u,m
c,o,m,p,l,e,t,e,l,y
s,o,m,e,w,h,e,r,e,s,o,m,e,o,n,e
f,o,n,d
a,l,t,e,r
s,o,n,y,e,r,i,c,s,s,o,n
h,a,t,e
c,r,c,k,t
q,u,e,s
r,u,t,h,f,u,l
d,e,l,a,y,e,d
a,p,a,r,t,m,e,n,t
t,a,x,l,e,s,s
r,e,a,l,i,s,i,n,g
t,h,i,n,k,i,n,g
p,a,r,a,c,e,t,a,m,o,l
r,e,s,t,a,u,r,a,n,t
a,c,c,o,u,n,t
s,k,y,v,i,n,g
u,n,c,o,m,f,o,r,t,a,b,l,e
y,e,n
n,e,g,l,e,c,t
b,r,e,a,k,i,n,g
c,o,l,a
l,y,f,u
s,o,i,r,e,e
j,o,g,g,i,n,g
h,a,v,b,e,e,n
c,o,o,k,e,d
t,o,o,t,h,p,a,s,t,e
e,g,g
m,o,v,i,n,g
r,e,n,c,o,n,t,r,e
p,a,r,t,n,e,r
d,e,p,r,e,s,s,i,o,n
a,s,t,r,o,l,o,g,y
b,o,l,t,b,l,u,e
s,u,b,s,e,q,u,e,n,t
j,u,s
h,o,n,e,s,t,l,y
c,l,a,i,m,c,o,d,e
t,m,i,n,g
c,l,a,r,k
s,l,o,w
t,a,b,l,e,t
i,d,k
h,e,y
k,a,v,a,l,a,n
u,l,t,i,m,a,t,e
p,p,m,s,g
a,s,k,i,n
c,a,m,c,o,r,d,e,r
i,m,f
r,e,c,o,r,d
n,a,g,a,r
a,g,e
b,l,a,k,e
n,e,v,e,r,i,n,g
n,a,t,u,r,e
p,u,s,h
c,h,r,i,s,t,i,a,n
w,a,r,m
t,i,z
m,s,g
i,n,c,o,n,v,e,n,i,e,n,t
w,t,l,p
t,h,r,e,a,d
r,e,e
w,h,o,r,e
i,m,a,g,i,n,e
m,a,i,n,t,a,i,n,i,n,g
t,h,y
h,e,a,d
v,a,a,z,h,t,h,u,k,k,a,l
t,h,o,u,s,a,d
p,l,a,y,i,n
t,h,f,e,b
e,n,d,l,e,s,s
m,e,a,n,t
r,o,l,e
i,c,i,c
c,a,l,l,e,r
l,e,g
d,i,s,c
t,r,i,s,h,u,l
r,e,c,e,i,p,t
c,r,a,z,i,e,s,t
c,h,a,s,i,n,g
p,h,o,e,n,i,x
s,t,i,l
b,l,i,n,d
c,r,y
u,r,g,h
t,h,e,c,d
p,e,h,l,e
c,r,e,e,p
c,a,r,e,f,u,l,l,y
f,i,r,e,f,o,x
e,x,p,e,c,t,s
u,r,g,r,a,n
t,r,u,t,h
f,i,g,h,t
l,u,n,c,h
s,m,a,r,t
r,p,l
s,h,e,f,f,i,e,l,d
f,u,u,u,u,c,k
s,t,o,r,y
d,o,e,s,n
s,u,g,a,r,d,a,d
n,a,u,g,h,t,y
r,a,n,d,o,m
c,h,g
s,t,r,a,i,g,h,t
p,r,e,s,s,u,r,e
d,e,s,k
m,a,t,h
p,o,s,s,e,s,s,i,v,e
j,a,c,k,s,o,n
e,l,a,y,a
c,a,r,e,a,b,o,u,t
t,o,n,s,o,l,i,t,u,s,a,s,w,e,l,l
p,r,e,s,l,e,y
w,u,l,d
r,i,m,a,c
c,o,n,t,e,n,t,e,d
t,e,x,a,s
a,l,u,a,b,l,e
s,p,o,o,n
h,i,l,a,r,i,o,u,s
l,o,s,e,r
w,i,f,e
o,l,a,v,e
h,o,l,l,a,l,a,t,e,r
s,u,b,l,e,t,t,i,n,g
t,h,m,a,r,c,h
d,i,e,s,e,l
l,e,t,t,e,r
a,m,y
d,o,c,k
p,r,o,j,e,c,t
p,r,e,t,t,y
t,i,t,l,e
h,o,u,s,e,f,u,l
s,u,p,p,o,s,e
s,k,i,n
m,o,m
d,o,m,a,i,n
a,n,y,t,h,i,n,g,t,o,m,o,r,r,o,w
m,c,f,l,y
w,a,i,t
r,a,h,u,l
j,o,k,e,r
b,e,l,o,v,d
t,i,g,h,t,l,y
w,r,n,o,g
w,i,n,i,n,g
v,i,j,a,y
p,r,a,c,t,i,c,i,n,g
l,i,o,n,m
e,m,b,a,r,a,s,s,e,d
i,r,r,i,t,a,t,i,n,g
y,a,l,r,i,g,u
p,a,r,a,d,e
x,x,x,m,o,b,i,l,e,m,o,v,i,e,c,l,u,b
p,l,a,y,e,r
c,h,l,o,e
e,v,e,n,t
f,o,o,l,e,d
r,e,a,c,h,e
b,i,r,t,h,d,a,y
t,e,x
k,t,v
v,o,m,i,t,i,n,g
s,t,u,d,e,n,t
s,c,a,m,m,e,r
l,o,y,a,l
m,i,i,i,i,i,i,i,s,s,s,s,s,s,s,s,s,s
r,e,c,o,g,n,i,s,e
n,u,t,t,e,r
i,n,s,u,r,a,n,c,e
e,d,r,u,n,k
w,o,r,l,d
m,o,n,t,h
s,e,t,t,i,n,g
b,i,n
p,a,t,t,e,r,n
b,a,r,r,e,l
s,p,a,c,e
d,e,a,l,e,r
l,a,u,r,i,e
a,d,d
s,e,n,t,i,m,e,n,t
p,l,e,a,s,s,s,s,s,s,s,e,e,e,e,e,e
s,t,e,w,a,r,t,s,i,z,e
s,o,u,n,d
o,u,t,b,i,d
c,h,e,e,s,e
t,a,y,l,o,r
s,i,p,i,x
t,h,a,n,k,s,g,i,v,i,n,g
d,a,m,m,i,t
o,p,e,n,i,n
l,d,n
s,l,o
m,e,m,b,e,r,s,h,i,p
r,i,n,g
s,i,m,p,l,y
m,o,n,s,t,e,r
c,a,s,h
m,o,b,i,l,e
c,o,l,l,e,c,t,i,n,g
d,h,o,r,t,e
o,n,i,o,n
p,o,c,k,e,t
w,k,n,d
y,e,l,l,o,w
s,e,p,t
h,o,r,r,i,b,l,e
j,a,p
a,s,t,h,e,r,e
p,o,r,t
o,n,b,u,s
f,i,s,h
b,r,o,w,n
j,o,k,i,n,g
m,u,f,t,i
m,o,d,e,l
l,i,m,i,t
s,e,c,r,e,t,a,r,y
p,o,l,y,p,h,o,n,i,c
a,s,a
m,e,a,l
s,d,r,y,b
p,r,i,y,a
l,o,c,a,l
t,r,a,v,e,l
a,f,f,a,i,r
t,a,c,t,f,u,l
j,s,u,t
p,r,i,v,a,c,y
w,o,t,z
c,o,u,c,h
c,o,n
m,o,d,e
i,d,e,a
r,e,s,u,b,b,i,n,g
c,l,u,b,m,o,b,y
h,a,p,p,i,n,e,s,s
d,e,p,e,n,d,s
s,t,a,y,i,n
t,e,n,a,n,t
e,m,e,r,g,e,n,c,y
h,e,r,o
a,c,c,o,u,n,t,i,n,g
j,e,r,k
a,m,n,o,w
s,t,u,d,y
v,e,w,y
k,a,n,j,i
d,r,u,n,k,a,r,d
s,c,o,r,i,n,g
n,a,m,e,d
d,a,d,d,y
s,t,o,r,y
f,r,o
k,i,d,z
o,s,o
z,e,r,o
b,s,n,l
v,r,y
h,m,m,m,m
f,o,l,d
a,m,t
d,a,t,a
s,t,a,b,l,e
n,r,i
r,o
e,m,b,a,r,r,a,s,s,e,d
p,u,b,l,i,s,h
f,i,x,e,d
w,e,s,t,s,h,o,r,e
b,u,r,n,t
c,n,l
h,m,v
b,a,o
w,i,l,d
s,r,t
a,t,e
b,o,r,d,e,r,l,i,n,e
u,p,d,a,t,e
s,p,r,e,a,d,s,h,e,e,t
r,a,k,h,e,s,h
t,o,m,o,r,r,o
e,s,a,p,l,a,n,a,d,e
b,r,e,e,z,e
m,u,z
s,a,v,i,n,g
t,h,o,u,s,a,n,d
b,e,a,d
m,o,b,s,i
s,a,y,h,e,y
a,i,y,o
l,i,e
g,l,o,r,i,o,u,s
g,h,o,d,b,a,n,d,a,r
c,h,u,r,c,h
d,i,s,t,u,r,b
c,o
l,a,c,k,i,n,g
h,a,v,e,n,t,c,n
w,e,i,r,d,o
s,h,o,e
l,e,f,t,o,v,e,r
d,i,s,t,u,r,b,i,n,g
b,i,r,d
b,r,a,y
r,e,c,d
f,r,e,d,e,r,i,c,k,s,b,u,r,g
p,a,c,k
u,n,d,e,r,d,t,a,n,d
e,v,n,g
n,e,f,t
f,r,i,n,g
s,t,i,t,c,h
b,a,n,g,b
f,o,r,g,e,t
r,o,g,e,r
g,u,e,s,s,i,n
r,a,t
p,e,r,m,a,n,e,n,t
f,e,b,r,u,a,r,y
v,o,i,c,e,m,a,i,l
d,r,u,n,k
t,o,p
r,c,t
e,i,r,e
d,e,p,t
g,r,a,s,p
p,u,t,t,i,n,g
j,a,y,a
d,e,l,t,o,m,o,r,r,o,w
a,m,a,n,d,a
t,r,i,p,l,e
m,p,h
m,o,r,n,i,n,g
r,a,e,l
c,o,m,p,u,t,e,r
i,n,c,o,n,s,i,d,e,r,a,t,e
t,x,t,s
s,a,t,s,g,e,t,t,i,n
r,e,s,p,o,n,s,i,b,i,l,i,t,y
o,f,f,c,a,m,p,u,s
o,v,e,r,t,i,m,e
d,o,c,t,o,r
s,t,o,p,t,x,t,s,t,o,p
s,a,l,o,n
l,o,t,s,l,y
i,n,f,r,o,n,t
f,r,e,e,l,y
e,l,e,p,h,a,n,t
h,a,l,l,o,w,e,e,n
m,a,t,c,h,e,d
c,s,t
c,a,l
i,p,h,o,n,e
c,r,e,a,t,e,d
m,u
a,s,p
p,a,r,i,s
i,p,a,d,s
c,o,n,g,r,a,t,s
r,e,m,a,i,n
a,d,m,i,n
i,c,e
a,c,a,d,e,m,i,c
s,t,a,l,k
s,q,u,e,e,z,e,d
p,o,s,e
e,x,i,s,t
i,n,e,v,e,r
b,a,r,r,i,n,g
j,i,a,y,i,n
u,n,i,t,e,d
r,e,s,e,r,v,e
g,i,f,t
d,e,e,p,e,s,t
d,u,n
f,u,e,l,l,e,d
i,n,p,e,r,s,o,n,a,t,i,o,n
l,i,s,t,e,n,e,d
w,e,e,k,e,n,d
c,o,m,m,o,n
e,n,t,e,r
i,n,t,e,r,f,u,e,d
w,i,n,g
c,o,n,f,u,s,e,s
c,o,h,e,r,e,n,t,l,y
e,x,h,a,u,s,t
s,l,e,p,t
c,a,n,t,d,o
h,o,n,e,y,m,o,o,n
s,w,e,a,t,e,r
h,a,u,g,h,a,i,g,h,g,t,u,j,h,y,g,u,j
l,e,v,e,l
i,s,v
o,u,t,r,a,g,e,o,u,s
s,u,m,t,h,i,n
h,a,u,l
c,u,t,t,e,r
d,o,d,g,e,y
a,r,i,s,e,s
d,i,n,g
b,t,h,e,r,e
l,i,n,g,e,r,i,e
m,u,l,t,i,p,l,y
s,e,h
d,a,r,r,e,n
c,a,m,p,u,s
p,a,n,t,y
d,i,e
b,a,t,t,l,e
g,e,n,i,u,s
t,a,x,i
m,o,k,k,a
i,m,i,n
t,a,k,a
h,o,r,s,e
a,l,i,b,i
b,l,e,s,s
a,t,t,a,c,k
j,a,c,u,z,z,i
k,o,r,t,e
b,a,s,q
h,a,i,r,c,u,t
v,p,o,d
e,x,p,e,c,t,i,n,g
r,a,n,j,i,t,h
f,r,e,e,p,h,o,n,e
u,n,c,l,e
m,o,n,o
s,o,o
h,e,l,l
e,n,t,i,t,l,e,d
y,u,n,n,y
i,n,s,t,a,l,l,i,n,g
f,a,k,e
v,o,t,e,d
t,s,a,n,d,c,s
h,i,l,l
t,o,s,h,i,b,a
o,p,p,s
t,a,b,l,e,t
r,e,s,e,r,v,e
h,e,a,d,s,e,t
m,i,l,l,e,r
o,l,a,y,i,w,o,l,a
r,e,f,u,s,e,d
r,i,c,h
a,c,c,o,r,d,i,n
w,u,d,n
f,r,y,i,n,g
f,i,f,t,y
s,t,r,u,g,g,l,i,n,g
l,o,o,l
p,l,a,c,e,m,e,n,t
d,u,l,l
s,u,g,a,n,y,a
d,e,v,e,l,o,p,e,d
r,a,t,i,o
s,e,l,f,i,s,h
j,e,n,x,x,x
f,u,n,d,a,m,e,n,t,a,l
s,p,e,c,i,a,l,i,s,a,t,i,o,n
o,n,a,m
g,a,r,d,e,n
b,o,t,t,l,e
j,u,l,e,s
b,r,e,a,k,e,r
e,x,a,m
h,a,m,s,t,e,r
c,h,u,c,k
d,i,d,d,y
f,u,n,e,r,a,l
w,k,e,n,d
w,e,d,d,i,n,g
w,r,e,n,c,h
c,u,r,r,e,n,t
d,i,n,e,r,o
s,r,s,l,y
t,e,l,l,m,i,s,s
i,o,u,r,i
r,e,p,l,y
a,b,b,e,y
a,l,r,i,g,h,t
b,r,o,s
a,n,i,m,a,l
e,s,t,a,b,l,i,s,h
i,n,s,h,a,h
d,a,b,b,l,e,s
g,u,e,s,s,e,d
o,r,g
s,t,h
k,e,n,t
p,r,e,m
b,o,d,y
m,a,g,g,i
p,u,m,p
d,r,a,m,a,t,i,c
d,v,g
m,e,a,n,i,n,g
c,o,n,v,e,n,i,e,n,c,e
r,a,n,g,e
t,o,p,p,o,l,y
c,o,n,v,i,n,c,e
h,e,e
w,a,l,l
g,v,i,n,g
m,i,t,s,a,k,e
s,e,r,v,i,c,e
p,i,m,p,l,e
p,u,l,l
p,l,e,a,s,e,d
r,d,y
c,p,s
l,a,k,h
s,p,i,r,a,l
s,a,m,u,s
p,a,t,h
l,i,c,k
s,p,a,r,e
p,i,e
t,e,x,t,c,o,m,p
n,e,w,q,u,a,y
w,e,w,a
p,e,t,t,i,c,o,a,t,d,r,e,a,m,s
a,t,t,e,n,d
c,h,a,n,g,e,d
m,e,n,t,i,o,n,n,e,d
b,u,n,k,e,r
d,r,u,g,d,e,a,l,e,r
m,a,d,s,t,i,n,i
m,o,t,h,e,r
p,i,x
h,o,l,l,a
t,a,g
i,n,s,t,a,l,l
b,r,o,t,h
b,a,s,k,e,t
d,o,s,o,m,e,t,h,i,n,g
g,b,p
s,l,o,w,e,r
s,u,b,s,c,r,i,b,e,r
d,i,n,e,d
w,e,n
m,t,m,s,g
c,o,m,p,l,e,t,i,n,g
s,i,t,l,l
d,o,k,e,y
n,t,e
i,s,s,u,e
l,o,c,k
h,o,p,i,n,g
h,a,t
s,w,e,e,t
s,p,i,l,e
f,r,e,a,k,y
y,m,c,a
a,u,t,o
l,i,t,r,e
s,w,i,m,m,i,n,g
g,r,a,v,e
w,e,s,t,e,r,n
d,e,l,a,y
p,u,n,t,o
l,o,o,o,o,o,o,o,l
m,u,m,m,y
b,m,w
s,a,r,i,s,t,a,r
a,b,s,o,l,u,t,e,l,y
l,e,o,n,a
h,m,m
d,u,s,t
a,c,t,i,v,i,t,y
p,o,d
s,w,t,h,e,a,r,t
d,r,a,m,a
f,i,x
r,u,m,o,u,r
s,c,a,r,e,d
g,i,f,t,e,d
i,n,s,t,a,n,t,l,y
d,e,a,d
i,n,f,o,r,m,e,d
f,a,v
n,a,m,m,a,n,n,a
j,o,r,d,a,n
h,a,h,a,h,a
f,r,i,e,n,d,s,a,r,e
s,a,r,i,y,a,g
n,o,t,e,b,o,o,k
p,l,e,a,s,a,n,t
s,n,i,c,k,e,r,i,n,g
d,e,l,h,i
i,s,s,u,e
f,i,g,h,t,n,g
n,a,n
s,t,a,f,f
b,e,d,r,o,o,m
p,u,s,h
p,l,a,y,e,d
l,e,a,r,n,e,d
d,o,n,t,c,h,a
m,a,d,a,m
t,m,r,w
d,i,g,i,t
p,r,a,s,h,a,n,t,h,e,t,t,a,n
l,a,n,d,l,i,n,e
e,x,a,m
s,o,r,y,d,a
i,m,p,o,s,t,e,r
y,i,f,e,n,g
l,i,f,t
b,c,o,z
o,v,a,r,i,a,n
j,u,i,c,y
c,t,t,e,r,g,g
g,m,w
r,e,l,a,t,i,o,n,s,h,i,p
t,r,a,n,s,p,o,r,t
l,e,a,d,i,n,g
b,e,e,r
l,a,n,g,u,a,g,e
h,e,l,e,n
c,a,n,c,e,l,l,e,d
c,o,n,v,i,n,c,e,d
f,o,n,e,s
m,u,d,y,a,d,h,u
r,e,m,e,m,b,r,s
d,e,h,y,d,r,a,t,i,o,n
d,e,a,l
r,a,j,i,t,h,a
s,t,o,p,c,s
l,e,m,o,n
s,e,r,v,s
o,u,t,s,i,d,e,r
s,q,u,a,t,t,i,n,g
s,u,n,s,c,r,e,e,n
m,o,b,i,l,e
i,w,a,s
r,e,c,o,v,e,r,y
q,u,a,r,t,e,r
r,e,p,o,r,t
c,a,n,c,e,l,e,d
l,o,v,i,n,g,l,y
b,e,l,l,e,a,r,l,i,e,r
f,i,e,l,d
s,t,i,f,l,e,d
c,t,t,a,r,g,g
w,i,s,d,o,m
t,r,e,a,t,i,n
t,h,n,x
p,h,o,t,o
d,e,l,i,v,e,r
o,f,f,i,c,i,a,l
k,a,t,e,x,x,x
a,w,w
l,a,u,g,h,i,n,g
e,t,l,p
d,i,a,l,l,i,n,g
f,l,o,a,t,i,n,g
r,e,s,l,o,v,e
p,a,s,s,w,o,r,d
c,h,e,e,k
a,p,o,l,o,g,i,z,e
a,c,t,i,n
f,i,r,e,d
s,u,g,g,e,s,t,i,o,n
s,o,r,r,o,w
j,j,c
s,e,c,t,i,o,n
w,e,i,y,i
t,r,a,i,n,n,e,r,s
m,e,n,t,o,r
f,i,r,s,g
c,h,e,e,r,y
d,y,s,e,n,t,r,y
h,e,a,v,i,l,y
i,n,c,h
o,v,e,r,d,i,d
s,e,x,y,c,h,a,t
b,a,r,m,e,d
a,p,p,l,i,c,a,t,i,o,n
g,a,u,t,i
f,a,g,l,o,r,d
r,a,i,n,i,n,g
s,u,b,s,c,r,i,p,t,n
p,r,o,v,i,n,c,e
v,e,g,e,t,a,b,l,e
w,r,k,i,n
s,k,y,p,e,d
p,r,e,s,s
s,p,e,n,d,i,n,g
d,o,l,l
d,r,a,w
u,n,t,a,m,e,d
l,i,f,e
i,y,o
p,o,r,n
d,i,a,l,o,g,u,e
h,a,p,p,i,e,s,t
v,i,l,l,a
w,i,n,e,d
c,l,u,b,s,a,i,s,a,i
b,i,r,d
g,o,n,n,a,m,i,s,s,u
e,v,n
o,l,o,w,o,y,e,y
e,l,a
r,i,l,e,y
h,a,r,r,y
h,a,l,l,a
l,u,c,y
j,a,d,e
t,r,a,n,s,c,r,i,b,i,n,g
l,e,n,g,t,h
h,a,p,p,i,l,y
f,a,g,g,y
t,a,n,t,r,u,m
b,r,a
s,m,t,h
s,o,f,a
g,o,o,d,f,r,i,e,n,d
w,e,r,e,n
s,p,l,i,t
w,a,t,c,h,i,n
a,d,m,i,n,i,s,t,r,a,t,o,r
s,p,o,o,k
a,p,p,r,o,a,c,h
f,u,n,k
m,a,k,i,i,n,g
p,r,e,s,c,r,i,p,i,t,o,n
t,a,t
s,d,a,y
p,a,l,m
w,e,b,e,b,u,r,n,i,n
c,a,r,o,l,i,n,a
s,l,o,w,l,y
e,x,c,e,l,l,e,n,t
c,l,e,a,n
d,r,i,v,e,r
a,s,d,a
w,a,t,c,h
r,o,y,a,l
c,o,s,t,a
c,h,i,n,c,h,i,l,l,a
p,a,r,a,c,h,u,t,e
x,m,a,s
g,i,s,t
m,i,d,n,i,g,h,t
m,i,n,d,s,e,t
s,h,o,w,e,r
e,x,p,r,e,s,s
z,i,n,d,g,i
n,e,g,l,e,t
s,t,u,d,i,o
e,x,p,o,s,e
h,y,p,o,t,h,e,t,i,c,a,l,h,u,a,g,a,u,a,h,a,h,u,a,g,a,h,y,u,h,a,g,g,a
a,d,v,i,c,e
p,r,o,m,p,t
w,a,l,l,p,a,p,e,r
e,x,p,l,o,s,i,v,e
t,h,a,t,s,c,o,o,l
d,a,n,g,e,r
p,o,o,l
n,a,t,u,r,a,l
b,r,i,c,k
c,a,r,e
s,h,a,v,e,d
t,o,a,d,a,y
s,t,e,e,d
t,i,w,a,r,y
i,n,t,e,r,v,i,w
j,o,t
s,i,n,g,l,e
g,o,n,g
t,o,r,r,e,n,t
l,i,q,u,o,r
q,j,k,g,i,g,h,j,j,g,c,b,l
m,a,p
i,t,a,l,i,a,n
r,a,j,a
s,o,l,v,e
b,u,i,l,t
h,a,u,n,t
s,e,c
t,i,i,m,e
e,x,p,r,e,s,s,o,f,f,e,r
y,u,n
y,e,s,t
k,o,t,e,e,s
s,i,t,u,a,t,i,o,n
s,t,r,e,s,s,e,d
w,k,g
p,r,i,n,t,e,r
p,r,o,p,e,r,t,y
w,a,i,t,i,n,g
s,t,r,e,t,c,h
e,a,r
a,g,e
t,r,a,i,n,e,d
p,o,l,y,c
e,d,i,t,i,o,n
b,u,r,r,i,t,o
b,i,l,l,i,o,n
t,k,t,s
v,o,t,e
w,r,e,n,c,h,i,n,g
s,h,a,k,i,n,g
k,a,a,j
w,i,n
e,x,e,r,c,i,s,e
s,h,o,u,l,d,e,r
e,d,i,s,o,n
d,r,e,s,s,e,r
g,r,e,a,t,l,y
p,e,r,f,o,r,m,e,d
h,a,n,d
m,i,s,u,n,d,r,s,t,u,d
m,a,x,i,m,u,m
c,h,a,p
d,e,t,r,o,i,t
h,e,i,g,h,t
c,o,p,i,e,d
c,e,r,i
w,a,k,e
o,u,t
s,t,r,t
c,o,n,t,a,c,t
y,o,y,y,o,o,o
t,r,u,r,o
g,e,p
w,o,n,d,e,r,f,u,l
a,n,n,i,e
t,o,s,s
i,s,h
g,u,a,r,a,n,t,e,e,d
o,b,e,y
s,m,s,c,o
h,a,h,a
f,w,d
r,e,g,r,e,t,t,e,d
t,s,u,n,a,m,i
o,p,e,n,i,n,g
d,o,n
b,a,k
a,c,c
w,a,n,n,a
t,e,l,l
s,h,a,d,e
o,n,l,u,y
c,o,m,m,u,n,i,t,y
l,a,y,i,n
o,u,t,d,o,o,r,s
y,e,h
f,a,l,c,o,n,e,r,f
h,a,v,e,n
a,n,i,m,a,t,i,o,n
p,a,n,t,h,e,r
b,a,t,h,r,o,o,m
f,f,f,f,f,f,f,f,f,f
s,t,a,r,i,n,g
u,n,c,l,e
c,o,s,t,u,m,e
s,i,n,d,u
a,s,t,r,o,n,o,m,e,r
p,o,w,e,r
c,o,i,n,c,i,d,e,n,c,e
l,e,f,t
t,r,a,c,k
p,e
f,r,i,n,g,e
p,e,n
b,o,l,d
e,x,p,e,c,t,e,d
g,r,a,c,e
e,g,b,o,n
s,v,c
c,h,a,p,t,e,r
d,e,b,a,t,i,n,g
u,i,n
b,o,r,i,n
i,m,p,e,d,e
b,e,d,r,m
n,o,i,c,e
c,h,e,a,p,e,r
g,e,t,s,t,o,p
c,y,s,t
c,o,n,c,l,u,s,i,o,n
e,x,p,o,s,e,d
s,h,o,u,t,e,d
s,e,n
p,l,a,n,e,t
u,n,b,r,e,a,k,a,b,l,e
s,a,n,d,i,a,g,o
a,u,s,t
w,h,e,e,l
s,y,r,i,a
c,o,u,s,i,n
b,a,r,e,l,y
a,r,o,u,n,d,n
f,e,n,g
j,u,m,p
c,o,m,u,k
a,r,g,u,m,e,n,t
b,b,d
n,e,e,d,l,e
p,r,o,m,o,t,i,n,g
e,n,t,e,r,e,d
b,i,r,t,h,d,a,t,e
m,a,r,g,a,r,e,t
s,e,t,t,l,i,n,g
t,h,e,o,r,e,t,i,c,a,l,l,y
f,r,i,d,g,e
a,b,n,o,r,m,a,l,l,y
a,s,i,a
c,o,l,o,u,r,f,u,l
w,o,r,k,a,g,e
g,a,r,y
d,a,r,k,e,r
j,u,n,g,l,e
m,a,n,d,y
x,a,v,i,e,r
s,u,b,p,o,l,y
k,o,l,a,t,h,u,p,a,l,a,y,a,m
h,i,m,s,o
a,m,r,c,a
w,h,r
f,e,d,e,x
t,x,t,x
s,e,e,k,i,n,g
m,a,r,e,t,a,r,e
o,r,t,x,t
b,h,a,j,i
m,u,c,h,x,x,l,o,v,e
l,i,v,e,d
m,i,n,a,p,n
w,a,l,k
m,a,g
s,t,u,d,y,i,n,g
n,o,r,m,a,l
g,a,z,e
m,a,a,n,g,a,l,y,a,m
a,r,g,u,m,e,n,t
p,a,t,r,i,c,k
f,l,e,t,c,h,e,r
a,m,a,z,i,n,g
s,t,o,l,e,n
p,e,i
s,i,z,e
g,u,i,d,a,n,c,e
w,k,e,n,t
c,o,n,v,e,r,t,e,d
s,p,o,r,t
s,l,i,c,e
m,i,s,s,i,n,g
f,i,l,l,e,d
a,d,d,i,c,t,e,d
c,o,u,l,d,a
m,e,d
t,y,p,e
i,n,k
p,i,c,k
w,a,l,k
b,a,r,o,l,l,a
r,o,f,l
j,o,y
j,a,p,a,n,e,s,e
f,a,m,o,u,s
b,u,s
t,h,o
f,r,e,e,e,n,t,r,y
f,i,r,e
d,i,r,e,c,t,o,r
b,h,a,y,a,n,d,a,r
f,o,n,e,d
k,a,r,n,a,n
r,a,w,r,i,n,g
b,o,n,g
i,n,v,i,t,i,n,g
p,a,i,n,i,n,g
c,o,n
s,o,l
b,r,a,n,d
w,a,t,c,h,n,g
p,a,n,i,c,k,s
f,u,n,d
h,i,p,h,o,p
f,a,g,g,o,t
b,a,b,y,s,i,t
m,o,n,k,e,e,s,p,e,o,p,l,e
m,o,f,o
w,a,s,t,e
t,e,x,t,i,n
i,d,e,a
c,u,s,t,o,m
l,d,n,w
u,n,c,l,a,i,m,e,d
h,a,n,g
k,n,e,e
b,a,l,l,e,r
t,u,l
j,a,k,l,i,n
c,o,n,s,o,l,e
a,i,r,t,e,l
t,e,m,a,l,e,s
h,o,o,k,e,d
g,u,a,i
p,i,t,y
f,a,n,c,y
s,h,r,e,k
p,a,r,t,y
c,o,m,p,a,n,y
l,o,v,i,n,g
s,u,b,m,i,t,t,e,d
r,e,n,e,w,i,n,g
l,i,s,t,n
i,n,d,i,a
l,y,r,i,c,a,l,l,a,d,i,e
s,p,e,c,i,a,l,l,y
s,o,m,e,t,h,i,n
m,a,t,r,i,c
f,l,o,w
a,n,y,t,h,i,i,n,g
p,r,o,f,i,l,e
a,l,b,u,m
t,t,y,l
s,t,a,y
i,t,n,a
m,g
s,p,a,r,e
r,i,s,e
r,e,s,o,l,u,t,i,o,n
b,o,b
c,o,l,l,e,c,t
a,d,v,a,n,c,e
r,e,m,i,n,d,i,n,g
m,o,v,e,d
s,m,a,r,t,c,a,l,l
j,a,n,i,n,e,x,x
p,h,o,t,o
s,u,m,f,i,n,g
e,r,u,t,u,p,a,l,a,m
e,m,e,r,g,i,n,g
s,t,u,p,i,d
c,l,o,t,h,e,s
m,a,t,e
b,e,a,r
l,o,v,e,d
n,o,i,m
d,o,r,m,i,t,o,r,y
s,h,i,f,a,d
p,r,a,c,t,i,c,u,m
y,e,o,v,i,l
p,o,s,t,p,o,n,e,d
g,r,o,w
s,t,u,d,e,n,t
d,a,t,i,n,g
b,a,m
f,r,n,d,z
m,o,u,n,t,a,i,n
p,o,o,k,i,e
u,n,i,q,u,e
u,w,o,r,l,d
b,a,r,e
m,a,a,a,a,n
b,e,d,b,u,t
f,a,i,l,s
o,d,i
s,a,r
m,s,g,i,n,g
t,o,n,e,x,s
p,r,a,y,e,r
l,i,b,r,a,r,y
c,o,a,c,h
c,o,m,p,l,a,i,n
d,a,t
y,c,k
d,e,p,o,s,i,t
u,p,g,r,d,c,e,n,t,r,e
w,i,n,n,e,r,s,c,l,u,b
d,h,a,n,u,s,h
g,r,a,m
u,n,h,a,p,p,i,n,e,s,s
b,a,n,d
o,g,u,n,r,i,n,d,e
h,e,s,i,t,a,t,i,o,n
b,c,u,m
d,o,u,b,l,e,m,i,n,s
j,o,k,i,n
m,i,k,e
s,k,y,e
f,r,e,e,m,s,g
r,e,a,l,l,y,n,e,e,d
u,n,i,t
t,i,r,u,n,e,l,v,a,l,i
s,p,a,c,e,b,u,c,k,s
e,x,p,i,r,e,d
a,n,n,o,y,i,n
p,i,s,c,e,s
a,i,y,a
c,a,s,h,e,d
s,e,c,r,e,t
d,a,r,k,n,e,s,s
m,i,n,u,t,e
r,e,s,u,m,i,n,g
d,o,i,t
s,n,o,w,b,o,a,r,d,i,n,g
f,r,i
s,h,a
u,n,d,r,s,t,n,d,n,g
a,r,r
h,e,a,r,t,e,d
s,o,m,e,o,n,o,n,e
l,a,c
o,v,e,r,e,m,p,h,a,s,i,s,e
w,i,n,d
h,e,e,h,e,e
d,e,n,t,i,s,t
n,u,r,s,e
c,r,e,a,t,i,v,e
f,e,e
t,e,e
b,e,v,y
r,o,o,m,m,a,t,e
b,o,r,r,o,w
l,o,u
s,w,a,t,c,h
o,f,f,l,i,n,e
c,h,e,a,p
m,a,t,t,e,r
s,h,e,l,f
o,k,o,r,s
n,i,c,k,e,y
l,o,n,e,l,y
s,t,i,c,k,y
p,a,c,k
w,a,v,e,r,i,n,g
a,f,t,e,r,n,o,o,n
t,e,a,s,i,n,g
f,a,b
j,a,s,o,n
f,f,f,f,u,u,u,u,u,u,u
t,o,n,g,u,e,d
u,g,h
s,y,d
b,i,k,e
a,r,n,t
c,a,r,e,e,r
o,r,d,i,n,a,t,o,r
p,r,i,c,e
c,o,c,c,o,o,n,i,n,g
m,o,u,n,t,a,i,n
b,e,g,u,n
s,p,y
w,i,t,i,n
e,u,r,o
b,r,e,a,t,h,e
s,u,r,y,a
g,r,r
b,l,a,h
c,a,n,a,l
a,n,j,o,l,a
f,i,s,h,r,m,a,n
r,e,f,u,n,d
f,u,n,c,t,i,o,n
v,e,r,i,f,y,i,n,g
s,t,c,h,o,i,c,e
c,o,z,y
p,r,e,m,i,u,m
u,r,f,e,e,l,i,n,g
p,r,e,p,a,r,e,d
i,n,t,e,n,t,i,o,n
c,s,c
c,o,p,i,n,g
y,o,u,r,j,o,b
f,i,l,l,i,n,g
v,i,r,g,i,n
l,o,a,n
s,c,e,n,a,r,i,o
f,l,i,g,h,t
l,i,t
d,r,i,n,k,i,n
w,e,l,c,o,m,e
m,o,n,k,e,y
p,u,z,z,l,e
s,o,r,t
a,u,s,t,r,a,l,i,a
r,a,j,n,i,k,a,n,t
h,e,a,t
s,t,u
n,i,k,i,y,u
c,o,n,s,t,a,n,t,l,y
e,n,u,f,c,r,e,d,e,i,t
s,l,i,p,p,e,r
s,o,u,n,d
u,m,m,i,f,y,i,n,g
w,e,l,l,d,a
m,o,d,u,l,e
y,e,r
a,r,c,h,i,v,e
s,t,y,l,i,s,t
n,o,t,i,f,i,c,a,t,i,o,n
n,h
s,n,o,g,s
l,a,t,r
l,i,e
l,a,n,d,m,a,r,k
s,a,t,i,s,f,y
w,e,r,e,t,h,e
b,a,n,d,a,g,e
t,e,l,l,y
c,h,e,c,k
d,r,u,g
r,e,t,u,r,n,i,n,g
m,a,h,a,v,e,e,r
m,j,z,g,r,o,u,p
a,m
h,i,t
l,a,n,d,l,i,n,e
e,m,i,g,r,a,t,e,d
c,o,s,t
t,h,i,n,k,t,h,i,s
o,f,f,d,a,m
c,r,u,i,s,i,n
s,p,o,i,l,e,d
f,i,n,a,l,l,y
s,h,a,p,i,n,g
l,i,s,t,e,n,i,n,g
j,o,r,g,e
p,i,e,r,r,e
q,i,n,g
p,i,s,s,e,d
r,u,i,n,i,n,g
s,o,m,e,d,a,y
p,r,i,o,r,i,t,y
a,p,p,l,y,i,n,g
f,g,k,s,l,p,o
o,r,i,g
s,a,c,k,e,d
e,n,n,a,l
b,e,w,a,r,e
c,l,i,f,f
g,r,a,n,d,f,a,t,h,e,r
s,e,l,l
c,u,m,i,n
s,u,i,t,e
g,a,u,g,e
s,u,p,e,r,i,o,r
c,h,e,x
h,u,r,t
a,w,e,s,o,m,e
s,h,a,r,e,d
s,c,r,u,m,p,t,i,o,u,s
c,a,p,p,u,c,c,i,n,o
d,e,n,a
b,u,f,f,y
t,i,m,i,n,g
w,i,f
t,o,m
b,a,g
h,o,t
s,p,a,n,i,s,h
h,e,l,p,l,i,n,e
c,o,r,p,o,r,a,t,i,o,n
s,m
u,n,k,e,m,p,t
p,a,y,m,e,n,t
j,u,a,n
n,i,p,o,s,t
t,a,s,t,e
f,i,n,a,l
p,a,t,e,n,t
y,a,m
i,l,l,n,e,s,s
s,t,a,g,e
h,e,a,l
m,a,l,l
h,u,i,m,i,n,g
p,e,o,p,l,e
o,l,a
r,u,b,b,e,r
t,o,n,g,h,t
c,h,a,r,g,e
s,t,u,d,e,n,t,f,i,n,a,n,c,i,a,l
s,e,n,s,i,t,i,v,e
t,a,i,t
s,t,o,r,e
l,e,t,t,e,r
s,e,n,o,r
i,r,u,l,i,n,a,e
d,a,a,a,a,a
a,d,s,e,n,s,e
s,t,o,n,e
t,x,t,i,n,g
f,o,r,e,v,e,r
p,a,s,s,i,o,n
r,a,m,a,d,u,t,h
h,s,b,c
b,r,i,l,l,i,a,n,t
u,t,t,e,r
t,o,t,a,l,l,y
n,e,i,g,h,b,o,r
w,h,i,t,e
l,e,a,d,e,r,s,h,i,p
b,a,i,g
c,l,i,f,f
c,a,f,e
u,p,g,r,a,d,i,n,g
s,o,o,o,o
h,y,p,e
v,i,n,o,b,a,n,a,g,a,r
l,a,t,e
s,t,a,m,p
l,i,o,n
x,c,l,u,s,i,v,e
m,u,s,i,c
p,l,s
r,u,n,n,i,n,g
b,l,o,o,d
h,i,y,a
j,a,y,k,w,o,n
n,i,n,o
d,o,u,b,t
b,i,a,t,c,h
w,e,a,p,o,n
l,e,a,g,u,e
m,a,i,l,e,d
c,o,n,d,i,t,i,o,n
l,a,y
l,a,r,a
c,a,n,c,e,r
n,e,s,h,a,n,t,h
f,o,r,g,o,t
m,a,n,d,a,n
s,c,a,l,l,i,e,s
e,a,c,h,o,t,h,e,r
s,t,u,c,k
b,l,o,k,e
s,h,a,h
t,e,r,m
f,r,i,d,a,y
r,e,p,l,y
a,m,e,r,i,c,a,n
f,o,l,l,o,w,i,n
r,u,s,h,i,n,g
w,i,t,o,t
o,m,g
r,e,d,e,e,m,a,b,l,e
g,y,n,a,e
p,o,s,t,i,n,g
g,a,s
m,i,d,d,l,e
o,c,c,u,r
p,u,p,p,y
s,h,r,a,c,o,m,o,r,s,g,l,s,u,p,l,t
s,o,u,l
b,e,i,n
i,a,m
t,i,m
m,e,a,n,i,n,g,f,u,l
r,a,k,s,h,a
h,o,l,d,i,n,g
e,r,r,o,r
f,o,r,g,e,t,s
l,o,s,i,n,g
t,h,r,i,l,l,e,r
s,p,i,r,i,t,u,a,l
f,a,t
s,a,t,h,y,a
g,r,l
k,n,o,c,k
o,k,e,y
b,a,l,l,o,o,n
o,f,f,i,c,e
m,y,l,i,f,e
f,i,d,a,l,f,i,c,a,t,i,o,n
g,o,t,e,n
i,n,c,h
r,c,v
p,i,l,l,o,w
c,l,a,s,s
u,l,t,i,m,a,t,u,m
e,v,e,r,y,t,h,i,n
t,e,a,c,h
n,o,t,h,i,n
m,i,r,r,o,r
p,o,s,i,t,i,o,n
m,e,e,t,i,n,g
u,n,c,o,n,s,c,i,o,u,s,l,y
c,a,t,c,h,i,n,g
s,o,c
p,r,i,z,e
d,o,u,b,l,e
d,i,n,i,n,g
u,r,g,n,t
n,o,o,o,o,o,o,o
t,h,e,m,e,d
h,u,m,a,n
s,t,a,n,d
i,b,u,p,r,o,f,e,n
m,o,r,n,i,n,g
c,o,a,s,t
n,e,c,k
c,h,o,i,c,e
f,e,l,l,o,w
k,a,l,s,t,i,y,a
d,e,e,p,a,k
a,g,i,d,h,a,n,e
c,o,m,p,l,e,t,e,d
m,a,h,f,u,u,z
m,a,n,u,a,l
r,e,s,u,m,e
s,i,l,e,n,t
l,o,s,e
j,i,u
h,o,p,e,s,o
i,n,c,i,d,e,n,t
k,a,t,e
p,r,e,d,i,c,t,i,n,g
c,o,n,v,e,r,t,e,r
r,e,g,r,e,t
m,e,s,s,a,g,i,n,g
p,i,g
c,a,t,c,h
a,t,l,e,a,s,t
c,h,i,l,d,i,s,h
y,u,m,m,m,m
a,i,g,h,t
p,o,s,t,c,a,r,d
f,l,a,k,e,d
q,u,i,z,c,l,u,b
s,p,e,n,t
c,o,n,t,a,c,t
m,a,t,c,h
p,s,y,c,h,i,a,t,r,i,s,t
w,e,e,k,l,y
k,o,d,t,h,i,n,i
g,a,n,e,s,h
t,r,e,a,c,l,e
a,w,a,k,e
f,o,r,w,a,r,d,i,n,g
p,r,o,j,e,c,t
c,o,m,b,i,n,a,t,i,o,n
i,n,f,e,c,t,i,o,n
a,s,s,e,s,s,m,e,n,t
p,l,a,n
m,a,l,a,r,k,y
p,h,o,n,e,b,o,o,k
a,f,f,i,d,a,v,i,t
s,c,h,e,d,u,l,e
b,u,b,b,l,e,t,e,x,t
h,c,l
a,p,p,l,a,u,s,e,s,t,o,r,e
s,p,o,t
g,e,t,h,a
